module,source_file,entry,function_line,branch_or_guard,source_line,outcome,player_reachable,catalog_id,test,evidence_report,evidence_strength,disposition,notes
advanced_services,Godot/three_d/rules/advanced_services.gd,reason（由 Run.service_reason 分派，run.gd:259-260）,4,不可达防御：kind 不在 KINDS 时 reason 直接走到 43 return ''（跳过所有专属守卫）,Godot/three_d/rules/advanced_services.gd:4-43,accepted,no,-,-,-,none,unreachable_or_not_transition,同上：run.gd:259/322 的 `kind in Advanced.KINDS` 分派使本回落不可达
advanced_services,Godot/three_d/rules/advanced_services.gd,reason（由 Run.service_reason 分派，run.gd:259-260）,4,阶段守卫：not active → '尚未出发',Godot/three_d/rules/advanced_services.gd:5-6,phase_condition,no,advanced.inactive,Godot/three_d/tests/advanced_coverage_test.gd::inactive,output/3d/advanced-coverage.json,strong,catalogued_strong,目录 outcome 记 rejected；本片按生命周期阶段记 phase_condition（口径见 notes 第 1 节）。reservation.inactive 同一守卫。player_reachable=no：服务面板只在 active 时可达
advanced_services,Godot/three_d/rules/advanced_services.gd,reason（由 Run.service_reason 分派；run.gd:259-260）,4,阶段守卫：not run.active → '尚未出发'（kind 无关 → 与 advanced.inactive 同一分支）,Godot/three_d/rules/advanced_services.gd:5-6,phase_condition,no,reservation.inactive,Godot/three_d/tests/reservation_coverage_test.gd::inactive,output/3d/reservation-coverage.json,strong,catalogued_strong,与 advanced.inactive 完全同一后继（仅 kind 不同）→ 属重复登记。未出发时玩家不在酒馆、无法打开服务面板 → 不可达
advanced_services,Godot/three_d/rules/advanced_services.gd,reason（由 Run.service_reason 分派，run.gd:259-260）,4,拒绝守卫：expected 不匹配 或 item 不在背包 → '背包中没有对应物品',Godot/three_d/rules/advanced_services.gd:7-9,rejected,no,advanced.unowned,Godot/three_d/tests/advanced_coverage_test.gd::unowned,output/3d/advanced-coverage.json,strong,catalogued_strong,advanced.mismatch（item 传错）与 reservation.wrong_item 同一复合守卫；reserve 会跳过 `item not in inventory` 子句（kind!=reserve 短路） | player_reachable 口径：仅当存在玩家输入路径使该分支体执行（含 UI 刷新时为每个动作计算 reason）才记 yes；服务/搜索面板会把 reason 非空的动作按钮设为 disabled（services_hud.gd:52），故凡“UI 已预先拦截”的拒绝守卫记 no。
advanced_services,Godot/three_d/rules/advanced_services.gd,reason（由 Run.service_reason 分派；run.gd:259-260）,4,拒绝守卫：item≠该 kind 期望物品（expected 映射）→ '背包中没有对应物品'（与 advanced.unowned 同一行，仅触发子条件不同）,Godot/three_d/rules/advanced_services.gd:7-9,rejected,no,advanced.mismatch,Godot/three_d/tests/advanced_coverage_test.gd::mismatch,output/3d/advanced-coverage.json,strong,catalogued_strong,service_view 为每个 kind 只配发正确物品（run.gd:387-401）→ 玩家无法构造 item/kind 不匹配。目录声明 source 正确；但 entry 写的 'service_action' 在 advanced_services.gd 中不存在（该文件只有 reason/apply），实际入口是 run.gd::service_action→service_reason
advanced_services,Godot/three_d/rules/advanced_services.gd,reason（由 Run.service_reason 分派；run.gd:259-260）,4,拒绝守卫：item≠期望（reserve 期望 ''）→ '背包中没有对应物品',Godot/three_d/rules/advanced_services.gd:7-9,rejected,no,reservation.wrong_item,Godot/three_d/tests/reservation_coverage_test.gd::wrong_item,output/3d/reservation-coverage.json,strong,catalogued_strong,service_view 对 reserve 恒传 id=''（run.gd:394）→ item 恒等于 expected → 玩家无法构造。与 advanced.mismatch/unowned 同一行
advanced_services,Godot/three_d/rules/advanced_services.gd,reason（由 Run.service_reason 分派，run.gd:259-260）,4,阶段守卫：signal/notes 且 table==null → '只能在进行中的牌桌使用',Godot/three_d/rules/advanced_services.gd:11-12,phase_condition,no,advanced.no_table,Godot/three_d/tests/advanced_coverage_test.gd::no_table,output/3d/advanced-coverage.json,strong,catalogued_strong,player_reachable=no：table==null 时 service_view 根本不列出 signal/notes 动作（run.gd:397-401 只在 else 分支列出），world.service_action 会因 offered=false 直接返回（world.gd:911-919）。player_reachable 口径：仅当存在玩家输入路径使该分支体执行（含 UI 刷新时为每个动作计算 reason）才记 yes；服务/搜索面板会把 reason 非空的动作按钮设为 disabled（services_hud.gd:52），故凡“UI 已预先拦截”的拒绝守卫记 no。
advanced_services,Godot/three_d/rules/advanced_services.gd,reason（由 Run.service_reason 分派，run.gd:259-260）,4,阶段守卫：signal/notes 且 table 存在但 status!='playing'（finished）→ '只能在进行中的牌桌使用',Godot/three_d/rules/advanced_services.gd:11-12,phase_condition,yes,advanced.finished,Godot/three_d/tests/advanced_coverage_test.gd::finished,output/3d/advanced-coverage.json,strong,catalogued_strong,player_reachable=yes：落座且牌桌已 finished 时按 B 打开服务面板（world.gd:879-899 不检查 seated），service_view 仍列出 signal/notes（不检查 status），service_reason 遂执行本守卫。测试用直接置 status 的夹具覆盖同一守卫。
advanced_services,Godot/three_d/rules/advanced_services.gd,reason（由 Run.service_reason 分派，run.gd:259-260）,4,拒绝守卫：signal/notes 目标无效（actor 空=advanced.target_unknown / 'player'=advanced.target_player / signal 遇 folded=advanced.target_folded）→ '请选一位有效对手',Godot/three_d/rules/advanced_services.gd:14-15,rejected,yes,advanced.target_unknown,Godot/three_d/tests/advanced_coverage_test.gd::target_unknown,output/3d/advanced-coverage.json,strong,catalogued_strong,三个目录 ID 共用一条复合 or：target_unknown / target_player 的目标不会被 service_view 列出（目标取自 players.slice(1)）→ 仅旁路可达；target_folded 可达（service_view 不过滤 folded，玩家可对已弃牌对手点 signal）。player_reachable 口径：仅当存在玩家输入路径使该分支体执行（含 UI 刷新时为每个动作计算 reason）才记 yes；服务/搜索面板会把 reason 非空的动作按钮设为 disabled（services_hud.gd:52），故凡“UI 已预先拦截”的拒绝守卫记 no。
advanced_services,Godot/three_d/rules/advanced_services.gd,reason（由 Run.service_reason 分派；run.gd:259-260）,4,拒绝守卫：signal 且目标对手已 folded → '请选一位有效对手',Godot/three_d/rules/advanced_services.gd:14-15,rejected,yes,advanced.target_folded,Godot/three_d/tests/advanced_coverage_test.gd::target_folded,output/3d/advanced-coverage.json,strong,catalogued_strong,service_view 不按 folded 过滤对手（run.gd:398-401 枚举 players.slice(1)）→ 折叠对手仍在动作列表中以禁用态呈现 reason，玩家可见此守卫
advanced_services,Godot/three_d/rules/advanced_services.gd,reason（由 Run.service_reason 分派；run.gd:259-260）,4,拒绝守卫：target == 'player' → '请选一位有效对手',Godot/three_d/rules/advanced_services.gd:14-15,rejected,no,advanced.target_player,Godot/three_d/tests/advanced_coverage_test.gd::target_player,output/3d/advanced-coverage.json,strong,catalogued_strong,service_view 只枚举 players.slice(1)（run.gd:398-401），永不产生 target='player' → 玩家无法构造该输入。g3 把同一行整体记为 reachable=yes，本条按具体子条件判 no
advanced_services,Godot/three_d/rules/advanced_services.gd,reason（由 Run.service_reason 分派，run.gd:259-260）,4,拒绝守卫：signal 本桌已使用过 → '本桌已使用过信号打火机',Godot/three_d/rules/advanced_services.gd:16-17,rejected,yes,advanced.signal_used,Godot/three_d/tests/advanced_coverage_test.gd::signal_used,output/3d/advanced-coverage.json,strong,catalogued_strong,used_tools 由 apply:78 写入；测试夹具直接 append
advanced_services,Godot/three_d/rules/advanced_services.gd,reason（由 Run.service_reason 分派，run.gd:259-260）,4,拒绝守卫：notes 已记录该对手 → '已记录这位对手的风格',Godot/three_d/rules/advanced_services.gd:18-19,rejected,yes,advanced.notes_known,Godot/three_d/tests/advanced_coverage_test.gd::notes_known,output/3d/advanced-coverage.json,strong,catalogued_strong,opponent_notes 由 apply:65 写入
advanced_services,Godot/three_d/rules/advanced_services.gd,reason（由 Run.service_reason 分派，run.gd:259-260）,4,阶段守卫：非桌类 kind（phone-route/phone-table/pass/reserve）且 table!=null → '请先结束牌桌并离座',Godot/three_d/rules/advanced_services.gd:21-22,phase_condition,no,advanced.table_active,Godot/three_d/tests/advanced_coverage_test.gd::table_active,output/3d/advanced-coverage.json,strong,catalogued_strong,reservation.table_active 同一守卫。player_reachable=no：服务面板里非桌类动作只在 table==null 时列出（run.gd:386-396），落座时只列 signal/notes，故正常 UI 到不了本守卫
advanced_services,Godot/three_d/rules/advanced_services.gd,reason（由 Run.service_reason 分派；run.gd:259-260）,4,阶段守卫：非桌类 kind（含 reserve）且 table!=null → '请先结束牌桌并离座',Godot/three_d/rules/advanced_services.gd:21-22,phase_condition,no,reservation.table_active,Godot/three_d/tests/reservation_coverage_test.gd::table_active,output/3d/reservation-coverage.json,strong,catalogued_strong,service_view 仅在 table==null 时列出 reserve/phone-route（run.gd:386-396）→ 该守卫对 reserve 玩家不可达（动作根本不出现）。与 advanced.table_active 同一行 → 重复登记
advanced_services,Godot/three_d/rules/advanced_services.gd,reason（由 Run.service_reason 分派，run.gd:259-260）,4,拒绝守卫：action_points<=0 → '行动力不足',Godot/three_d/rules/advanced_services.gd:23-24,rejected,yes,advanced.no_actions,Godot/three_d/tests/advanced_coverage_test.gd::no_actions,output/3d/advanced-coverage.json,strong,catalogued_strong,reservation.no_actions 同一守卫
advanced_services,Godot/three_d/rules/advanced_services.gd,reason（由 Run.service_reason 分派；run.gd:259-260）,4,拒绝守卫：action_points<=0 → '行动力不足'（kind 无关 → 与 advanced.no_actions 同一行）,Godot/three_d/rules/advanced_services.gd:23-24,rejected,yes,reservation.no_actions,Godot/three_d/tests/reservation_coverage_test.gd::no_actions,output/3d/reservation-coverage.json,strong,catalogued_strong,与 advanced.no_actions 同一后继（仅 kind 不同）→ 重复登记。注意勿与 run.gd:279-280 的另一条行动力守卫混淆：Advanced 分派（run.gd:259-260）在先，故 reserve 走的是本条
advanced_services,Godot/three_d/rules/advanced_services.gd,reason（由 Run.service_reason 分派，run.gd:259-260）,4,拒绝守卫：reserve 且 !fixed_known() → '先完成货运桌或使用手机获取接应线索',Godot/three_d/rules/advanced_services.gd:26-27,rejected,yes,reservation.unknown_route,Godot/three_d/tests/reservation_coverage_test.gd::unknown_route,output/3d/reservation-coverage.json,strong,catalogued_strong,fixed_known 定义于 run.gd:497-498（completed.size()>arrival_completed 或 route_flags.fixed）。测试以 route_flags.clear() 造未获线索
advanced_services,Godot/three_d/rules/advanced_services.gd,reason（由 Run.service_reason 分派，run.gd:259-260）,4,拒绝守卫：reserve 且已有有效预约（search_index<=expiresAfterSearch）→ '已有有效预约',Godot/three_d/rules/advanced_services.gd:28-29,rejected,yes,reservation.valid_booking,Godot/three_d/tests/reservation_coverage_test.gd::valid_booking,output/3d/reservation-coverage.json,strong,catalogued_strong,真实路径：routes_items_test.gd:25『Cannot accidentally reserve twice』
advanced_services,Godot/three_d/rules/advanced_services.gd,reason（由 Run.service_reason 分派，run.gd:259-260）,4,拒绝守卫：reserve 且 cash<reserve_fee() → '预约现金不足',Godot/three_d/rules/advanced_services.gd:30-31,rejected,yes,reservation.cash_short,Godot/three_d/tests/reservation_coverage_test.gd::cash_short,output/3d/reservation-coverage.json,strong,catalogued_strong,reserve_fee 定义于 run.gd:557-558；测试夹具直接置 cash=reserve_fee()-1
advanced_services,Godot/three_d/rules/advanced_services.gd,reason（由 Run.service_reason 分派，run.gd:259-260）,4,拒绝守卫：phone-table 目标不是有效牌桌 → '请选择有效牌桌',Godot/three_d/rules/advanced_services.gd:32-33,rejected,no,advanced.phone_unknown,Godot/three_d/tests/advanced_coverage_test.gd::phone_unknown,output/3d/advanced-coverage.json,strong,catalogued_strong,service_view 列出的目标恒为合法牌桌（run.gd:389-390），故 player_reachable 依赖旁路/测试 | player_reachable 口径：仅当存在玩家输入路径使该分支体执行（含 UI 刷新时为每个动作计算 reason）才记 yes；服务/搜索面板会把 reason 非空的动作按钮设为 disabled（services_hud.gd:52），故凡“UI 已预先拦截”的拒绝守卫记 no。
advanced_services,Godot/three_d/rules/advanced_services.gd,reason（由 Run.service_reason 分派，run.gd:259-260）,4,拒绝守卫：phone-table 目标已完成 → '该牌桌已完成，无需获取情报',Godot/three_d/rules/advanced_services.gd:34-35,rejected,yes,advanced.phone_completed,Godot/three_d/tests/advanced_coverage_test.gd::phone_completed,output/3d/advanced-coverage.json,strong,catalogued_strong,测试夹具直接 completed.assign([...])
advanced_services,Godot/three_d/rules/advanced_services.gd,reason（由 Run.service_reason 分派，run.gd:259-260）,4,拒绝守卫：phone-table 已全情报 → '已知该桌全部情报',Godot/three_d/rules/advanced_services.gd:36-37,rejected,yes,advanced.phone_known,Godot/three_d/tests/advanced_coverage_test.gd::phone_known,output/3d/advanced-coverage.json,strong,catalogued_strong,测试夹具直接置 full_intel[target]=true
advanced_services,Godot/three_d/rules/advanced_services.gd,reason（由 Run.service_reason 分派，run.gd:259-260）,4,拒绝守卫：pass 物品不是通行证 → '不是路线通行证',Godot/three_d/rules/advanced_services.gd:39-40,rejected,no,advanced.pass_invalid,Godot/three_d/tests/advanced_coverage_test.gd::pass_invalid,output/3d/advanced-coverage.json,strong,catalogued_strong,service_view 只对 kitchen-pass/dock-passkey 列 pass 动作（run.gd:391-393） | player_reachable 口径：仅当存在玩家输入路径使该分支体执行（含 UI 刷新时为每个动作计算 reason）才记 yes；服务/搜索面板会把 reason 非空的动作按钮设为 disabled（services_hud.gd:52），故凡“UI 已预先拦截”的拒绝守卫记 no。
advanced_services,Godot/three_d/rules/advanced_services.gd,reason（由 Run.service_reason 分派，run.gd:259-260）,4,拒绝守卫：pass 对应路线已揭示 → '此路线已揭示',Godot/three_d/rules/advanced_services.gd:41-42,rejected,yes,advanced.pass_known,Godot/three_d/tests/advanced_coverage_test.gd::pass_known,output/3d/advanced-coverage.json,strong,catalogued_strong,测试夹具直接置 route_flags['service-stairs']=true
advanced_services,Godot/three_d/rules/advanced_services.gd,apply（由 Run.service_action 分派，run.gd:322-325）,44,不可达防御：kind 不在 KINDS 时 reason 回落 return ''、apply 仅走 81-82 扣行动力,Godot/three_d/rules/advanced_services.gd:43,accepted,no,-,-,-,none,unreachable_or_not_transition,调用链证据：Run.service_reason 以 `kind in Advanced.KINDS` 分派（run.gd:259），Run.service_action 同（run.gd:322）；非 KINDS 的 kind 永远走 run.gd 内建分支 → 本回落不可达
advanced_services,Godot/three_d/rules/advanced_services.gd,reason（由 Run.service_reason 分派，run.gd:259-260）,4,接受回落：以上守卫全过 → return ''（放行给 apply）,Godot/three_d/rules/advanced_services.gd:43,accepted,yes,-,Godot/three_d/tests/advanced_coverage_test.gd::kitchen,output/3d/advanced-coverage.json,strong,unreachable_or_not_transition,非独立 outcome（仅放行信号）；accept 语义由各 apply 行承载
advanced_services,Godot/three_d/rules/advanced_services.gd,apply（由 Run.service_action 分派，run.gd:322-325）,44,接受：预约 reserve——写入 reservation、扣预付 fee、记 reserveCost/expiresAfterSearch,Godot/three_d/rules/advanced_services.gd:45-51,accepted,yes,reservation.success,Godot/three_d/tests/advanced_coverage_test.gd::success,output/3d/reservation-coverage.json,strong,catalogued_strong,强证据：断言完整 checkpoint 相等（reservation_coverage_test.gd:40-50）。与 reservation.renew_expired 同一段代码，仅有/无过期预约为前置差别，后继相同故合并叙述
advanced_services,Godot/three_d/rules/advanced_services.gd,apply（由 Run.service_action 分派，run.gd:322-325）,44,接受：预约续订 renew_expired（已有过期预约再预约）,Godot/three_d/rules/advanced_services.gd:45-51,accepted,yes,reservation.renew_expired,Godot/three_d/tests/reservation_coverage_test.gd::renew_expired,output/3d/reservation-coverage.json,strong,catalogued_strong,与 reservation.success 同后继（合并）；测试把 search_index 推到 expiresAfterSearch+1 造过期。前置为测试夹具直接置字段
advanced_services,Godot/three_d/rules/advanced_services.gd,apply（由 Run.service_action 分派，run.gd:322-325）,44,接受：通行证揭示后厨楼梯（pass / kitchen-pass → route_flags['service-stairs']）,Godot/three_d/rules/advanced_services.gd:52-54,accepted,yes,advanced.kitchen,Godot/three_d/tests/advanced_coverage_test.gd::kitchen,output/3d/advanced-coverage.json,strong,catalogued_strong,unlockRoute 由 content.items[item] 决定；断言 route_flags 置位与行动力-1
advanced_services,Godot/three_d/rules/advanced_services.gd,apply（由 Run.service_action 分派，run.gd:322-325）,44,接受：通行证揭示河边接驳（pass / dock-passkey → route_flags['river-launch']）,Godot/three_d/rules/advanced_services.gd:52-54,accepted,yes,advanced.dock,Godot/three_d/tests/advanced_coverage_test.gd::dock,output/3d/advanced-coverage.json,strong,catalogued_strong,与 kitchen 同段代码；仅 unlockRoute 值不同。真实路径见 routes_items_test.gd:37-51
advanced_services,Godot/three_d/rules/advanced_services.gd,apply（由 Run.service_action 分派，run.gd:322-325）,44,接受：手机更新接应路线 phone-route——offer_index 轮换 + route_flags.fixed=true,Godot/three_d/rules/advanced_services.gd:55-58,accepted,yes,advanced.phone_route,Godot/three_d/tests/advanced_coverage_test.gd::phone_route,output/3d/advanced-coverage.json,strong,catalogued_strong,完整 checkpoint 相等断言（advanced_coverage_test.gd:44-62）；另见 routes_items_test.gd:66-67 真实手机路径
advanced_services,Godot/three_d/rules/advanced_services.gd,apply（由 Run.service_action 分派，run.gd:322-325）,44,接受：手机更新路线且保留已有预约 phone_preserves,Godot/three_d/rules/advanced_services.gd:55-58,accepted,yes,reservation.phone_preserves,Godot/three_d/tests/reservation_coverage_test.gd::phone_preserves,output/3d/reservation-coverage.json,strong,catalogued_strong,与 advanced.phone_route 同体；额外前置=已有 reservation，断言 reservation 未变、offer_index 轮换、cash 不变（reservation_coverage_test.gd:31-35）
advanced_services,Godot/three_d/rules/advanced_services.gd,apply（由 Run.service_action 分派，run.gd:322-325）,44,接受：手机查明牌桌情报 phone-table（规则未知 → append known_rules）,Godot/three_d/rules/advanced_services.gd:59-63,accepted,yes,advanced.phone_table,Godot/three_d/tests/advanced_coverage_test.gd::phone_table,output/3d/advanced-coverage.json,strong,catalogued_strong,断言 full_intel[target]=true、known_rules 新增、行动力-1
advanced_services,Godot/three_d/rules/advanced_services.gd,apply（由 Run.service_action 分派，run.gd:322-325）,44,接受：手机查明情报但规则已知 → 跳过 known_rules 追加（phone_rules_only）,Godot/three_d/rules/advanced_services.gd:60-61,accepted,yes,advanced.phone_rules_only,Godot/three_d/tests/advanced_coverage_test.gd::phone_rules_only,output/3d/advanced-coverage.json,strong,catalogued_strong,同一 apply 段内的条件分支（if target not in run.known_rules）。后继与 phone_table 仅差 known_rules 是否新增，视为语义不同分支，目录单列 ID
advanced_services,Godot/three_d/rules/advanced_services.gd,apply（由 Run.service_action 分派，run.gd:322-325）,44,接受：离桌记录对手风格 notes（写入 opponent_notes[target]=archetype）,Godot/three_d/rules/advanced_services.gd:64-66,accepted,yes,advanced.notes,Godot/three_d/tests/advanced_coverage_test.gd::notes,output/3d/advanced-coverage.json,strong,catalogued_strong,完整 checkpoint 断言；同时 used_tools/heat/table.revision 由尾部 77-80 处理
advanced_services,Godot/three_d/rules/advanced_services.gd,apply（由 Run.service_action 分派，run.gd:322-325）,44,接受：对已 fold 的对手仍可记录风格 notes_folded,Godot/three_d/rules/advanced_services.gd:64-66,accepted,yes,advanced.notes_folded,Godot/three_d/tests/advanced_coverage_test.gd::notes_folded,output/3d/advanced-coverage.json,strong,catalogued_strong,folded 只对 signal 构成拒绝（reason:14-15），notes 不受限。测试夹具直接置 players[1].folded=true
advanced_services,Godot/three_d/rules/advanced_services.gd,apply（由 Run.service_action 分派，run.gd:322-325）,44,接受：使用信号打火机读对手牌力 signal（仅写 service_message）,Godot/three_d/rules/advanced_services.gd:67-74,accepted,yes,advanced.signal,Godot/three_d/tests/advanced_coverage_test.gd::signal,output/3d/advanced-coverage.json,strong,catalogued_strong,signal.strong / signal.three_active_weak / signal.folded_opponent_medium / signal.folded_player_medium / signal.all_in_counts 五个 ID 共享本后继（仅 service_message 文本不同）→ 合并为一条分支、5 个 ID；由 signal_coverage_test.gd 在 4 张桌上交叉复核
advanced_services,Godot/three_d/rules/advanced_services.gd,apply（由 Run.service_action 分派；run.gd:322-325）,44,接受：signal 分支——按 count（排除目标本人与 folded）估计牌力并把标签（强/中/弱）写入 service_message,Godot/three_d/rules/advanced_services.gd:67-74,accepted,yes,signal.strong,Godot/three_d/tests/signal_coverage_test.gd::strong,output/3d/signal-coverage.json,strong,catalogued_strong,皇家同花牌面 + 对手持 A♠ → odds>=0.66 标签'强'（即 74 行的强分支）
advanced_services,Godot/three_d/rules/advanced_services.gd,apply（由 Run.service_action 分派；run.gd:322-325）,44,接受：signal 分支——按 count（排除目标本人与 folded）估计牌力并把标签（强/中/弱）写入 service_message,Godot/three_d/rules/advanced_services.gd:67-74,accepted,yes,signal.three_active_weak,Godot/three_d/tests/signal_coverage_test.gd::three_active_weak,output/3d/signal-coverage.json,strong,catalogued_strong,默认三名活跃对手（count 最大）→ 标签'弱'
advanced_services,Godot/three_d/rules/advanced_services.gd,apply（由 Run.service_action 分派；run.gd:322-325）,44,接受：signal 分支——按 count（排除目标本人与 folded）估计牌力并把标签（强/中/弱）写入 service_message,Godot/three_d/rules/advanced_services.gd:67-74,accepted,yes,signal.folded_opponent_medium,Godot/three_d/tests/signal_coverage_test.gd::folded_opponent_medium,output/3d/signal-coverage.json,strong,catalogued_strong,players[2].folded=true 使 count 减 1（folded 过滤在 70-72）→ 标签'中'
advanced_services,Godot/three_d/rules/advanced_services.gd,apply（由 Run.service_action 分派；run.gd:322-325）,44,接受：signal 分支——按 count（排除目标本人与 folded）估计牌力并把标签（强/中/弱）写入 service_message,Godot/three_d/rules/advanced_services.gd:67-74,accepted,yes,signal.folded_player_medium,Godot/three_d/tests/signal_coverage_test.gd::folded_player_medium,output/3d/signal-coverage.json,strong,catalogued_strong,players[0].folded=true 不影响 count（只统计 other.id≠target 且未 fold）→ 标签'中'
advanced_services,Godot/three_d/rules/advanced_services.gd,apply（由 Run.service_action 分派；run.gd:322-325）,44,接受：signal 分支——按 count（排除目标本人与 folded）估计牌力并把标签（强/中/弱）写入 service_message,Godot/three_d/rules/advanced_services.gd:67-74,accepted,yes,signal.all_in_counts,Godot/three_d/tests/signal_coverage_test.gd::all_in_counts,output/3d/signal-coverage.json,strong,catalogued_strong,players[2] all-in（stack=0）→ 估计器只看活跃人数与牌面 → 标签'弱'。五条仅 service_message 标签不同、后继状态形状相同 → 合并候选
advanced_services,Godot/three_d/rules/advanced_services.gd,apply（由 Run.service_action 分派，run.gd:322-325）,44,尾部互斥：kind != reserve → inventory.erase(item),Godot/three_d/rules/advanced_services.gd:75-76,mutually_exclusive,yes,-,Godot/three_d/tests/advanced_coverage_test.gd::phone_route,output/3d/advanced-coverage.json,strong,unreachable_or_not_transition,共享子步骤（非独立 outcome），已含于各父 ID 的完整 checkpoint 断言；reserve 分支不消耗 item（money 换预约）
advanced_services,Godot/three_d/rules/advanced_services.gd,apply（由 Run.service_action 分派，run.gd:322-325）,44,"尾部互斥：kind in [notes,signal] → used_tools 追加、heat=mini(6, heat+item.heat+tableToolHeatBonus)、table.revision+1",Godot/three_d/rules/advanced_services.gd:77-80,mutually_exclusive,yes,-,Godot/three_d/tests/signal_coverage_test.gd::strong,output/3d/signal-coverage.json,strong,unreachable_or_not_transition,共享子步骤；signal_coverage_test.gd:41-43 断言 heat 封顶与 table.revision+1，signal 用而 notes 同段
advanced_services,Godot/three_d/rules/advanced_services.gd,apply（由 Run.service_action 分派，run.gd:322-325）,44,尾部互斥：其余 kind（phone-route/phone-table/pass）→ action_points-1,Godot/three_d/rules/advanced_services.gd:81-82,mutually_exclusive,yes,-,Godot/three_d/tests/advanced_coverage_test.gd::kitchen,output/3d/advanced-coverage.json,strong,unreachable_or_not_transition,共享子步骤；断言行动力-1
interactable,Godot/three_d/scripts/interactable.gd,prompt,8,enabled==true → 返回 'E  ·  '+title,Godot/three_d/scripts/interactable.gd:8-9,phase_condition,yes,-,Godot/three_d/tests/world_coverage_test.gd::focus_acquired,output/3d/world-coverage.json,strong,unreachable_or_not_transition,纯文本格式化（展示），非状态转移。其输出由 world.gd:472-474 show_focus（focus_changed 信号回调）写入 hint_label，world_coverage_test.gd:30 以 hint_label.text.contains(anchor.title) 间接覆盖本分支。
interactable,Godot/three_d/scripts/interactable.gd,prompt,8,enabled==false → 返回 disabled_reason,Godot/three_d/scripts/interactable.gd:8-9,phase_condition,no,world.interactable_disabled,Godot/three_d/tests/world_coverage_test.gd::interactable_disabled,output/3d/world-coverage.json,strong,catalogued_strong,★关键判定：这是目录 outcome『disabled target displays reason and rejects action』中『显示原因』那一半的唯一文本来源，渲染路径为 world.gd::show_focus。当前场景无 enabled=false 的静态实例，只有测试夹具（world_coverage_test.gd:39-48）置 false，故 player_reachable=no（夹具造态）。并发改动把目录本条 source/entry 从本函数改为 player.gd::can_interact，我方独立判定它只覆盖了『拒绝』那一半。
opponent,Godot/three_d/rules/opponent.gd,estimate_odds,4,非转移：以局部 DeterministicRng 做 trials 次蒙特卡洛,Godot/three_d/rules/opponent.gd:4-25,accepted,yes,-,Godot/three_d/tests/opponent_profiles_test.gd::_initialize[Three-way tied board has one-third equity],-,none,unreachable_or_not_transition,第9行每次 trial 新建局部 RNG（seed_value+trial*31+opponents*17）不触碰 table.rng；第10行 duplicate 公共牌故不改输入。另被 advanced_services.gd:73 的信号服务调用。
opponent,Godot/three_d/rules/opponent.gd,choose,27,非转移：按公共信息派生 odds 后转交 choose_with_odds,Godot/three_d/rules/opponent.gd:27-31,accepted,yes,-,Godot/three_d/tests/opponent_profiles_test.gd::_initialize[Live decision uses three-way equity],-,none,unreachable_or_not_transition,逐行复核全函数体未对 table/actor/legal/definition 任何字段赋值（table 为 Dictionary 按引用传入故若有写入会直接改权威状态）。返回动作名字符串；玩家侧触发入口 world.gd:691 随机量由调用方的 table_game.rng.next() 提供。
opponent,Godot/three_d/rules/opponent.gd,choose_with_odds,33,trailing（stack < buyIn*0.5）仅供 Tilt King 使用,Godot/three_d/rules/opponent.gd:35-35;Godot/three_d/rules/opponent.gd:58-59,phase_condition,no,-,-,-,none,unreachable_or_not_transition,随 Tilt King 分支一同不可达（唯一消费者是第59行）。
opponent,Godot/three_d/rules/opponent.gd,choose_with_odds,33,原型分支 Nit：降进攻 升谨慎 降诈唬,Godot/three_d/rules/opponent.gd:37-40,phase_condition,yes,-,Godot/three_d/tests/opponent_profiles_test.gd::_initialize[distribution ledger-clerk],-,none,unreachable_or_not_transition,只改第34行 duplicate 出来的 profile；content.json 中存在 Nit（ledger-clerk）。六原型分支互斥。
opponent,Godot/three_d/rules/opponent.gd,choose_with_odds,33,原型分支 Fish：降谨慎 略升诈唬,Godot/three_d/rules/opponent.gd:41-44,phase_condition,yes,-,Godot/three_d/tests/opponent_profiles_test.gd::_initialize[distribution ash-smuggler],-,none,unreachable_or_not_transition,content.json 中存在 Fish（ash-smuggler）。
opponent,Godot/three_d/rules/opponent.gd,choose_with_odds,33,原型分支 Calling Station：大幅降谨慎,Godot/three_d/rules/opponent.gd:45-48,phase_condition,yes,-,Godot/three_d/tests/opponent_profiles_test.gd::_initialize[weak_pressure call comparison],-,none,unreachable_or_not_transition,content.json 中存在（velvet-rook）；其 profile 另有 callOddsShift=-0.15 在第84行生效。
opponent,Godot/three_d/rules/opponent.gd,choose_with_odds,33,原型分支 Maniac：升进攻与诈唬与终手加成,Godot/three_d/rules/opponent.gd:49-53,phase_condition,yes,-,Godot/three_d/tests/opponent_profiles_test.gd::_initialize[weak_free raise comparison],-,none,unreachable_or_not_transition,content.json 中存在（dock-braggart）。
opponent,Godot/three_d/rules/opponent.gd,choose_with_odds,33,原型分支 Shark：升进攻与谨慎与模式惩罚,Godot/three_d/rules/opponent.gd:54-57,phase_condition,yes,-,Godot/three_d/tests/opponent_profiles_test.gd::_initialize[value threshold four opponents],-,none,unreachable_or_not_transition,content.json 中存在（calm-widow 与 smiling-knife 与 river-shark 与 house-viper）。
opponent,Godot/three_d/rules/opponent.gd,choose_with_odds,33,原型分支 Tilt King：落后时额外升进攻,Godot/three_d/rules/opponent.gd:58-61,phase_condition,no,-,-,-,none,unreachable_or_not_transition,不可达：content.json 的 8 名对手 archetype 只有 Nit/Fish/Calling Station/Maniac/Shark 无 Tilt King；该分支仅存在于旧 JS 移植（src/ai.js:127）与 i18n（src/i18n.js:453）且无任何测试使用。属不可达防御分支。
opponent,Godot/three_d/rules/opponent.gd,choose_with_odds,33,街道偏置查表 preflop/flop/turn/river,Godot/three_d/rules/opponent.gd:62-62,phase_condition,yes,-,Godot/three_d/tests/opponent_profiles_test.gd::_initialize[street=turn fixtures],-,none,unreachable_or_not_transition,只读 table.street；键不在表中会运行时报错但 street 由 table.advance 限定为四值。
opponent,Godot/three_d/rules/opponent.gd,choose_with_odds,33,终手加成：handNumber==totalHands 时启用 finalHandSpike,Godot/three_d/rules/opponent.gd:63-63,phase_condition,yes,-,Godot/three_d/tests/opponent_profiles_test.gd::_initialize[strong_final vs strong_early],-,none,unreachable_or_not_transition,只读；smiling-knife 的 finalHandSpike=0.24 被该测试以分布比较断言。
opponent,Godot/three_d/rules/opponent.gd,choose_with_odds,33,valueRaiseShift 存在时按牌力与玩家加注模式下调,Godot/three_d/rules/opponent.gd:69-71,phase_condition,yes,-,Godot/three_d/tests/opponent_profiles_test.gd::_initialize[value threshold four opponents],-,none,unreachable_or_not_transition,profile.has 门；四条 Shark 与 house-viper 的 profile 均带该键。
opponent,Godot/three_d/rules/opponent.gd,choose_with_odds,33,repeatRaiseCounter 存在时按玩家加注次数削减,Godot/three_d/rules/opponent.gd:72-73,phase_condition,yes,-,Godot/three_d/tests/opponent_profiles_test.gd::_initialize[Widow punishes repeated raises],-,none,unreachable_or_not_transition,profile.has 门；仅 calm-widow 带该键。
opponent,Godot/three_d/rules/opponent.gd,choose_with_odds,33,无人下注时全押：需 legal.allIn 与短筹码与高胜率与随机量,Godot/three_d/rules/opponent.gd:74-76,mutually_exclusive,yes,-,-,-,none,unreachable_or_not_transition,只选动作名不写状态；该分支决定后续 table.act 走 all-in 分支。
opponent,Godot/three_d/rules/opponent.gd,choose_with_odds,33,无人下注时加注或诈唬,Godot/three_d/rules/opponent.gd:77-78,mutually_exclusive,yes,-,-,-,none,unreachable_or_not_transition,同上。
opponent,Godot/three_d/rules/opponent.gd,choose_with_odds,33,无人下注时过牌,Godot/three_d/rules/opponent.gd:79-79,mutually_exclusive,yes,-,-,-,none,unreachable_or_not_transition,兜底分支。
opponent,Godot/three_d/rules/opponent.gd,choose_with_odds,33,面对下注时全押：终手或短筹码与高胜率,Godot/three_d/rules/opponent.gd:80-81,mutually_exclusive,yes,-,-,-,none,unreachable_or_not_transition,同上。
opponent,Godot/three_d/rules/opponent.gd,choose_with_odds,33,面对下注时加注或诈唬,Godot/three_d/rules/opponent.gd:82-83,mutually_exclusive,yes,-,-,-,none,unreachable_or_not_transition,同上。
opponent,Godot/three_d/rules/opponent.gd,choose_with_odds,33,面对下注时跟注（胜率或压力阈值）,Godot/three_d/rules/opponent.gd:84-85,mutually_exclusive,yes,-,-,-,none,unreachable_or_not_transition,含 profile.get(callOddsShift) 的可选偏置。
opponent,Godot/three_d/rules/opponent.gd,choose_with_odds,33,面对下注时过牌（若合法）否则弃牌,Godot/three_d/rules/opponent.gd:86-86,mutually_exclusive,yes,-,-,-,none,unreachable_or_not_transition,兜底分支；弃牌会经 table.act 触发 ending.fold_award 路径。
player,Godot/three_d/scripts/player.gd,_ready,15,"构建碰撞层(4/1)、相机(y=1.6,fov=75)、射线(target_position=-REACH,mask=3,collide_with_areas+bodies)",Godot/three_d/scripts/player.gd:15-36,accepted,yes,-,-,-,none,unreachable_or_not_transition,生命周期/构造。不构成离散转移；但射线参数（REACH=2.0、collision_mask=3）是 world.raycast_out_of_reach / raycast_occluded 的物理前提。
player,Godot/three_d/scripts/player.gd,_unhandled_input,38,pause 动作 → pause_requested.emit() + set_input_as_handled,Godot/three_d/scripts/player.gd:38-42,accepted,yes,-,-,-,weak,reachable_unmapped,输入绑定链 player.gd:39 → world.gd:97 connect → world.toggle_pause（信号回调类型）无任何测试覆盖：既有测试全部直接调用 world.toggle_pause。应补最小复现：emit player.pause_requested 后断言 world.paused==true（或注入 Esc KeyEvent）。
player,Godot/three_d/scripts/player.gd,_unhandled_input,38,not controls_enabled → 忽略移动/视角/交互全部输入,Godot/three_d/scripts/player.gd:43-44,rejected,yes,world.focus_controls_disabled,Godot/three_d/tests/world_coverage_test.gd::focus_controls_disabled,output/3d/world-coverage.json,weak,catalogued_weak,与 update_focus 的 controls_enabled 分支同语义家族，合并到 world.focus_controls_disabled。既有测试只断言 focused==null 与 controls_enabled==false，未直接断言『按键被忽略』（无按键注入用例）。
player,Godot/three_d/scripts/player.gd,_unhandled_input,38,鼠标移动 + MOUSE_MODE_CAPTURED → rotate_y(-dx·0.002) / camera.rotation.x clamp(±1.25),Godot/three_d/scripts/player.gd:45-47,accepted,yes,-,-,-,none,reachable_unmapped,★玩家可达且写入 world.checkpoint_state 的 look（camera.rotation）与 player（transform）字段。目录无对应 ID；既有测试只直接赋值 rotation/look_at，无一处走真实 InputEventMouseMotion。应补：注入 InputEventMouseMotion 后断言 player.rotation.y 改变、camera.rotation.x 被 clamp 到 ±LOOK_PITCH_LIMIT（当前仅 world_restore_atomic_test.gd:56-59 在 restore 侧断言边界）。
player,Godot/three_d/scripts/player.gd,_unhandled_input,38,interact 按下 + CAPTURED → update_focus(); 若 focused 有效 → interaction_requested.emit(focused),Godot/three_d/scripts/player.gd:48-51,accepted,yes,-,-,-,weak,reachable_unmapped,信号链 player.interaction_requested → world.gd:95 connect → world.request_action 无测试直接覆盖（测试均直接调 world.request_action）。应补最小复现：emit interaction_requested 后断言 request_action 的等价后继。
player,Godot/three_d/scripts/player.gd,_unhandled_input,38,focused 无效 → 不发出 interaction_requested（准星未命中不交互）,Godot/three_d/scripts/player.gd:50-51,rejected,yes,-,-,-,none,reachable_unmapped,玩家可达（准星未对准任何 anchor 时按 E），后继为『无任何请求』。与 world.raycast_unfocused（request_action 侧守卫）不同语义，目录未登记。
player,Godot/three_d/scripts/player.gd,_physics_process,53,not is_on_floor() → velocity.y -= 9.8·delta,Godot/three_d/scripts/player.gd:54-55,accepted,yes,-,-,-,none,unreachable_or_not_transition,连续物理；非离散接受/拒绝语义。
player,Godot/three_d/scripts/player.gd,_physics_process,53,controls_enabled → 取 WASD 输入向量；否则 Vector2.ZERO；随后 move_and_slide(),Godot/three_d/scripts/player.gd:56-60,accepted,yes,-,Godot/three_d/tests/smoke.gd::Walking moves player but cannot pass through wall,-,weak,reachable_unmapped,★移动改变 checkpoint_state().player（权威快照字段）。目录无 ID（连续输入非离散转移）。smoke.gd:81-88 是全仓唯一走真实 Input.action_press 的行走断言（断言 x 区间=不可穿墙），spatial_interaction_test.gd:26-35 walk_to 亦走真实输入，但两者都属弱/位置区间证据。
player,Godot/three_d/scripts/player.gd,_physics_process,53,每物理帧调用 update_focus(),Godot/three_d/scripts/player.gd:61-61,accepted,yes,world.focus_acquired,Godot/three_d/tests/world_coverage_test.gd::focus_acquired,output/3d/world-coverage.json,strong,catalogued_strong,定时（每帧）驱动的焦点重算：非玩家显式输入即可改变 focused，属『游戏调度可达』的状态改变，已在 focus_* 系列登记。
player,Godot/three_d/scripts/player.gd,_physics_process,53,每物理帧调用 update_focus(),Godot/three_d/scripts/player.gd:61-61,accepted,yes,world.focus_cleared,Godot/three_d/tests/world_coverage_test.gd::focus_acquired,output/3d/world-coverage.json,strong,catalogued_strong,定时（每帧）驱动的焦点重算：非玩家显式输入即可改变 focused，属『游戏调度可达』的状态改变，已在 focus_* 系列登记。
player,Godot/three_d/scripts/player.gd,update_focus,63,controls_enabled==false → hit 强制 null → next=null（聚焦清空）,Godot/three_d/scripts/player.gd:64-66,rejected,yes,world.focus_controls_disabled,Godot/three_d/tests/world_coverage_test.gd::focus_controls_disabled,output/3d/world-coverage.json,strong,catalogued_strong,测试 :66-68 断言 not controls_enabled、focused==null、focus_events.back()==null、hint_label.text 为空——四项均为权威后继/信号尾态。
player,Godot/three_d/scripts/player.gd,update_focus,63,无命中 / 命中非 Area3D（StaticBody3D）/ 命中无 prompt() 的 Area3D → next=null,Godot/three_d/scripts/player.gd:64-66,rejected,yes,world.focus_cleared,Godot/three_d/tests/world_coverage_test.gd::focus_cleared,output/3d/world-coverage.json,strong,catalogued_strong,三种情形后继相同（focused=null + 信号 + hint 清空）故合并。其中『命中无 prompt() 的 Area3D』在当前场景无实例（所有 Area3D 均为 Interactable 或世界锚点），不可独立构造，属防御性合并；测试覆盖『无命中』(:32-36) 与『静态遮挡』(:50-56)。
player,Godot/three_d/scripts/player.gd,update_focus,63,命中 Area3D 且 has_method('prompt') → next=anchor（聚焦获得）,Godot/three_d/scripts/player.gd:66-66,accepted,yes,world.focus_acquired,Godot/three_d/tests/world_coverage_test.gd::focus_acquired,output/3d/world-coverage.json,strong,catalogued_strong,测试 :30 断言 focused==anchor、focus_events.back()==anchor、hint 含 title。
player,Godot/three_d/scripts/player.gd,update_focus,63,next == focused → 不发出 focus_changed（幂等）,Godot/three_d/scripts/player.gd:67-69,rejected,yes,-,-,-,none,reachable_unmapped,★重复聚焦同一目标时不发信号。测试只断言 focus_events.back()，未断言『连续两次 update_focus 只发一次 focus_changed』。应补：连续调用两次后断言 focus_events.size() 不增。
player,Godot/three_d/scripts/player.gd,can_interact,71,controls_enabled 且 target 有效 且 target==focused 且 target.enabled 全为真 → true,Godot/three_d/scripts/player.gd:71-73,accepted,yes,world.prop_on,Godot/three_d/tests/world_coverage_test.gd::prop_on,output/3d/world-coverage.json,strong,catalogued_strong,纯谓词（但第 72 行调用 update_focus()，会刷新 focused 并发 focus_changed）。其真值经 world.gd:477 的 not can_interact 守卫被 request_action 各条断言间接覆盖。
player,Godot/three_d/scripts/player.gd,can_interact,71,target.enabled==false → false（禁用锚点拒绝交互）,Godot/three_d/scripts/player.gd:71-73,rejected,no,world.interactable_disabled,Godot/three_d/tests/world_coverage_test.gd::interactable_disabled,output/3d/world-coverage.json,strong,catalogued_strong,★关键判定：这是目录 outcome 中『rejects action』那一半的唯一判定点（target.enabled 合取项），与 interactable.gd::prompt 的『显示原因』共同构成该 ID。并发改动把目录 source/entry 改到本函数，只覆盖了一半，我在 interactable 行保留了另一半。player_reachable=no（场景无 enabled=false 实例，仅夹具造态）。
player,Godot/three_d/scripts/player.gd,can_interact,71,controls_enabled==false → false,Godot/three_d/scripts/player.gd:73-73,rejected,yes,world.focus_controls_disabled,Godot/three_d/tests/world_coverage_test.gd::focus_controls_disabled,output/3d/world-coverage.json,strong,catalogued_strong,与 update_focus 的 controls_enabled 分支同源同后继（focused=null → 不可交互），合并。
player,Godot/three_d/scripts/player.gd,can_interact,71,not is_instance_valid(target) → false,Godot/three_d/scripts/player.gd:73-73,rejected,no,-,-,-,none,unreachable_or_not_transition,★防御分支：调用方 world.gd:477 传入的是射线命中的 anchor；所有公开入口的锚点均由 world.gd:312-326 target() 与锚点成对创建，公开路径无法传无效对象。
player,Godot/three_d/scripts/player.gd,can_interact,71,target != focused → false（准星未对准）,Godot/three_d/scripts/player.gd:73-73,rejected,yes,world.raycast_unfocused,Godot/three_d/tests/world_coverage_test.gd::raycast_unfocused,output/3d/world-coverage.json,strong,catalogued_strong,world_coverage_test.gd:22-23 只断言『被拒 + 快照不变』，未证明拒绝原因就是 focused 而非距离/遮挡；子原因由 :38（距离）与 :52-56（遮挡）分别归因。
poker,Godot/three_d/rules/poker.gd,DeterministicRng.next,12,非转移：推进自身 value（权威 RNG 的实现点）,Godot/three_d/rules/poker.gd:12-16,accepted,yes,-,-,-,none,unreachable_or_not_transition,语义由调用方决定：start_hand:47 经 shuffle_deck 推进一次洗牌；world.gd:691 每次对手行动另取一次 rng.next()（该调用属 world.gd 范围本四文件无一 ID 断言它）。
poker,Godot/three_d/rules/poker.gd,create_deck,18,非转移：构造 52 张牌,Godot/three_d/rules/poker.gd:18-23,accepted,yes,-,-,-,none,unreachable_or_not_transition,纯函数无输入。
poker,Godot/three_d/rules/poker.gd,shuffle_deck,25,非转移实现点：Fisher-Yates 消耗传入 rng,Godot/three_d/rules/poker.gd:25-32,accepted,yes,-,-,-,none,unreachable_or_not_transition,不写输入 deck（第26行 duplicate）但推进传入 rng；该状态效应已在 start_hand:47-50 行登记为 reachable_unmapped 故不重复计数。estimate_odds 传入的是局部 RNG（opponent.gd:9）故不触碰 table.rng。
poker,Godot/three_d/rules/poker.gd,compare_hands,34,非转移：先比 rank 再逐位比 values,Godot/three_d/rules/poker.gd:34-42,phase_condition,yes,-,-,-,none,unreachable_or_not_transition,纯函数。
poker,Godot/three_d/rules/poker.gd,evaluate_best_hand,44,非转移：7 张里枚举 5 张组合取最优,Godot/three_d/rules/poker.gd:44-57,accepted,yes,-,-,-,none,unreachable_or_not_transition,纯计算；不修改传入 cards。
poker,Godot/three_d/rules/poker.gd,evaluate_best_hand,44,防御：cards.size()<5 → rank=-1 且 name=Incomplete,Godot/three_d/rules/poker.gd:45-46,rejected,no,-,-,-,none,unreachable_or_not_transition,不可达：settle_pots:139 传 holeCards+board（公共牌恒 5 张）共 7 张；opponent.gd:11-12 也先把公共牌补到 5 张。属不可达防御分支。
poker,Godot/three_d/rules/poker.gd,evaluate_five,59,非转移：五张牌型判定（含 A 作 1 的顺子与 flush 与 straight）,Godot/three_d/rules/poker.gd:59-103,phase_condition,yes,-,-,-,none,unreachable_or_not_transition,分支是牌型分类枚举不改变权威状态。
poker,Godot/three_d/rules/poker.gd,make_hand,105,非转移：构造牌型结果字典,Godot/three_d/rules/poker.gd:105-108,accepted,yes,-,-,-,none,unreachable_or_not_transition,纯函数。
poker,Godot/three_d/rules/poker.gd,build_pots,110,非转移：按 handContribution 层级切主池与边池,Godot/three_d/rules/poker.gd:110-129,phase_condition,yes,-,-,-,none,unreachable_or_not_transition,纯计算；投入为 0 者不产生层级（第113-115行）。产出被 payout 六行覆盖。
poker,Godot/three_d/rules/poker.gd,build_pots,110,三层投入 → 主池与两层边池金额,Godot/three_d/rules/poker.gd:110-129,accepted,yes,payout.three_tiers,Godot/three_d/tests/payout_coverage_test.gd::three_tiers,output/3d/payout-coverage.json,strong,catalogued_strong,断言 pots 金额序列 90/60/30 与各座到账。
poker,Godot/three_d/rules/poker.gd,settle_pots,131,弃牌者不进入 eligibleIds 也不参与牌力评估,Godot/three_d/rules/poker.gd:125-126;Godot/three_d/rules/poker.gd:138-139,accepted,yes,payout.folded_best,Godot/three_d/tests/payout_coverage_test.gd::folded_best,output/3d/payout-coverage.json,strong,catalogued_strong,断言弃牌者不在 winnerIds 也不在 eligibleIds（test 第47行）。
poker,Godot/three_d/rules/poker.gd,settle_pots,131,单一赢家：最高牌者收下主池,Godot/three_d/rules/poker.gd:141-155,accepted,yes,payout.single_winner,Godot/three_d/tests/payout_coverage_test.gd::single_winner,output/3d/payout-coverage.json,strong,catalogued_strong,对外入口是 table.advance:155 与 160（目录 entry 记作 Table.advance -> settle_pots）。test 用显式期望金额而非被测评估器推导。
poker,Godot/three_d/rules/poker.gd,settle_pots,131,多层边池各自平分,Godot/three_d/rules/poker.gd:141-155,accepted,yes,payout.tied_side_pots,Godot/three_d/tests/payout_coverage_test.gd::tied_side_pots,output/3d/payout-coverage.json,strong,catalogued_strong,
poker,Godot/three_d/rules/poker.gd,settle_pots,131,三人同牌型平分单池,Godot/three_d/rules/poker.gd:146-154,accepted,yes,payout.three_way_tie,Godot/three_d/tests/payout_coverage_test.gd::three_way_tie,output/3d/payout-coverage.json,strong,catalogued_strong,
poker,Godot/three_d/rules/poker.gd,settle_pots,131,防御：某层无有效赢家 → 该层不派彩,Godot/three_d/rules/poker.gd:149-149,rejected,unknown,-,-,-,none,unreachable_or_not_transition,需某投入层级全部出资者已弃牌才可到达；未构造出可达路径（弃牌者投入层级通常低于仍在场者）也无法证否故记 unknown。
poker,Godot/three_d/rules/poker.gd,settle_pots,131,除不尽时余数给座位序最前的赢家,Godot/three_d/rules/poker.gd:150-154,accepted,yes,payout.odd_chip,Godot/three_d/tests/payout_coverage_test.gd::odd_chip,output/3d/payout-coverage.json,strong,catalogued_strong,断言 awards 与各座精确到账。
routes,Godot/three_d/rules/routes.gd,"quote（只读报价；由 Run.extract→extraction_quote 调用，run.gd:226-227,229-240）",3,接受：general heat==5 计 lockdownSurcharge（费用分支）,Godot/three_d/rules/routes.gd:11,accepted,yes,route_guard.general_surcharge,Godot/three_d/tests/route_guard_coverage_test.gd::general_surcharge,output/3d/route-guard-coverage.json,strong,catalogued_strong,费用算式：(flatFee)+floor(cash*rate)+(heat==5?lockdownSurcharge:0)；测试断言 fee 与 vault 增量（route_guard_coverage_test.gd:64-71）
routes,Godot/three_d/rules/routes.gd,"quote（只读报价；由 Run.extract→extraction_quote 调用，run.gd:226-227,229-240）",3,费用/报价计算（general/fixed/special/dropbag 的 fee、lostCash、lostGoods、net）均为只读,Godot/three_d/rules/routes.gd:11-51,accepted,yes,-,-,-,none,unreachable_or_not_transition,routes.gd 只有 quote 一个函数，全程不改 run 的任何字段（测试断言 quote 前后完整 checkpoint 相等）。接受的撤离结果由 Run.extract 实现，故 routes.gd 自身不含任何独立状态转移
routes,Godot/three_d/rules/routes.gd,"quote（只读报价；由 Run.extract→extraction_quote 调用，run.gd:226-227,229-240）",3,拒绝：general 未发现出口 → '尚未找到出口线索：查看门旁告示',Godot/three_d/rules/routes.gd:12-13,rejected,yes,route_guard.general_unknown,Godot/three_d/tests/route_guard_coverage_test.gd::general_unknown,output/3d/route-guard-coverage.json,strong,catalogued_strong,quote 自身不改任何状态；真正改变撤离结果的是 Run.extract（run.gd:235-239）。强证据断言 quote 前后完整 checkpoint 相等且 extract 被拒（route_guard_coverage_test.gd:58-77）
routes,Godot/three_d/rules/routes.gd,"quote（只读报价；由 Run.extract→extraction_quote 调用，run.gd:226-227,229-240）",3,拒绝：general 风声>=6 → '风声达到 6，普通出口已封锁',Godot/three_d/rules/routes.gd:14-15,rejected,yes,route_guard.general_locked,Godot/three_d/tests/route_guard_coverage_test.gd::general_locked,output/3d/route-guard-coverage.json,strong,catalogued_strong,真实路径：routes_items_test.gd:104-108
routes,Godot/three_d/rules/routes.gd,"quote（由 Run.extract→extraction_quote 调用；run.gd:226-227,229-240）",3,拒绝：reason 为空且 cash<fee → '随身现金不足以支付费用'（fee 由 16-24（预约 finalCost） 计算）,Godot/three_d/rules/routes.gd:16-24;Godot/three_d/rules/routes.gd:49-50,rejected,yes,route_guard.cash_fixed,Godot/three_d/tests/route_guard_coverage_test.gd::cash_fixed,output/3d/route-guard-coverage.json,strong,catalogued_strong,六条 cash_* ID（含 cash_general）共用同一后继分支 routes.gd:49-50，仅被路线名/费用参数化 → 建议合并为一条；测试对全部六条用同一 reason 串 + Checkpoint.capture 不变断言；[汇总归位] source_line 注解：预约 finalCost
routes,Godot/three_d/rules/routes.gd,"quote（只读报价；由 Run.extract→extraction_quote 调用，run.gd:226-227,229-240）",3,拒绝：fixed 无预约 → '尚未预约接应，先到酒保服务预订',Godot/three_d/rules/routes.gd:17-18,rejected,yes,route_guard.fixed_missing,Godot/three_d/tests/route_guard_coverage_test.gd::fixed_missing,output/3d/route-guard-coverage.json,strong,catalogued_strong,
routes,Godot/three_d/rules/routes.gd,"quote（只读报价；由 Run.extract→extraction_quote 调用，run.gd:226-227,229-240）",3,拒绝：fixed 超过有效期（search_index>expiresAfterSearch）→ '预约已过期',Godot/three_d/rules/routes.gd:21-22,rejected,yes,route_guard.fixed_expired,Godot/three_d/tests/route_guard_coverage_test.gd::fixed_expired,output/3d/route-guard-coverage.json,strong,catalogued_strong,真实路径：routes_items_test.gd:30-31
routes,Godot/three_d/rules/routes.gd,"quote（只读报价；由 Run.extract→extraction_quote 调用，run.gd:226-227,229-240）",3,接受：fixed 恰在过期边界（search_index==expiresAfterSearch）,Godot/three_d/rules/routes.gd:21-22,accepted,yes,route_guard.fixed_expiry_boundary,Godot/three_d/tests/route_guard_coverage_test.gd::fixed_expiry_boundary,output/3d/route-guard-coverage.json,strong,catalogued_strong,与 fixed_expired 同一条 > 比较的两侧；真实路径：routes_items_test.gd:28-29
routes,Godot/three_d/rules/routes.gd,"quote（只读报价；由 Run.extract→extraction_quote 调用，run.gd:226-227,229-240）",3,拒绝：fixed 风声超过预约路线限制（heat>maxHeat）→ '风声超过预约路线限制',Godot/three_d/rules/routes.gd:23-24,rejected,yes,route_guard.fixed_heat,Godot/three_d/tests/route_guard_coverage_test.gd::fixed_heat,output/3d/route-guard-coverage.json,strong,catalogued_strong,
routes,Godot/three_d/rules/routes.gd,"quote（由 Run.extract→extraction_quote 调用；run.gd:226-227,229-240）",3,拒绝：reason 为空且 cash<fee → '随身现金不足以支付费用'（fee 由 25-31（specialRoutes finalCost−revealDiscount） 计算）,Godot/three_d/rules/routes.gd:25-31;Godot/three_d/rules/routes.gd:49-50,rejected,yes,route_guard.cash_service-stairs,Godot/three_d/tests/route_guard_coverage_test.gd::cash_service-stairs,output/3d/route-guard-coverage.json,strong,catalogued_strong,与 route_guard.cash_river-launch 落在同一 kind 分支（25-31）且共用 49-50 → 合并候选；测试循环 Run.Routes.NAMES 生成六条，期望值完全相同；[汇总归位] source_line 注解：specialRoutes finalCost−revealDiscount
routes,Godot/three_d/rules/routes.gd,"quote（由 Run.extract→extraction_quote 调用；run.gd:226-227,229-240）",3,拒绝：reason 为空且 cash<fee → '随身现金不足以支付费用'（fee 由 25-31（specialRoutes finalCost−revealDiscount） 计算）,Godot/three_d/rules/routes.gd:25-31;Godot/three_d/rules/routes.gd:49-50,rejected,yes,route_guard.cash_river-launch,Godot/three_d/tests/route_guard_coverage_test.gd::cash_river-launch,output/3d/route-guard-coverage.json,strong,catalogued_strong,与 route_guard.cash_service-stairs 落在同一 kind 分支（25-31）且共用 49-50 → 合并候选；[汇总归位] source_line 注解：specialRoutes finalCost−revealDiscount
routes,Godot/three_d/rules/routes.gd,"quote（只读报价；由 Run.extract→extraction_quote 调用，run.gd:226-227,229-240）",3,拒绝：service-stairs 未揭示（route_flags 未置位）→ '需要先使用对应通行证揭示入口',Godot/three_d/rules/routes.gd:28-29,rejected,yes,route_guard.stairs_unknown,Godot/three_d/tests/route_guard_coverage_test.gd::stairs_unknown,output/3d/route-guard-coverage.json,strong,catalogued_strong,真实路径：routes_items_test.gd:41
routes,Godot/three_d/rules/routes.gd,"quote（只读报价；由 Run.extract→extraction_quote 调用，run.gd:226-227,229-240）",3,拒绝：river-launch 未揭示 → '需要先使用对应通行证揭示入口',Godot/three_d/rules/routes.gd:28-29,rejected,yes,route_guard.river_unknown,Godot/three_d/tests/route_guard_coverage_test.gd::river_unknown,output/3d/route-guard-coverage.json,strong,catalogued_strong,与 stairs_unknown 同段（specialRoutes[kind]）
routes,Godot/three_d/rules/routes.gd,"quote（只读报价；由 Run.extract→extraction_quote 调用，run.gd:226-227,229-240）",3,拒绝：service-stairs 风声超限 → '风声超过此路线限制',Godot/three_d/rules/routes.gd:30-31,rejected,yes,route_guard.stairs_heat,Godot/three_d/tests/route_guard_coverage_test.gd::stairs_heat,output/3d/route-guard-coverage.json,strong,catalogued_strong,真实路径：routes_items_test.gd:46-48
routes,Godot/three_d/rules/routes.gd,"quote（只读报价；由 Run.extract→extraction_quote 调用，run.gd:226-227,229-240）",3,接受：service-stairs 恰在 heat==maxHeat 边界,Godot/three_d/rules/routes.gd:30-31,accepted,yes,route_guard.stairs_heat_boundary,Godot/three_d/tests/route_guard_coverage_test.gd::stairs_heat_boundary,output/3d/route-guard-coverage.json,strong,catalogued_strong,与 stairs_heat 同一条 > 比较的两侧
routes,Godot/three_d/rules/routes.gd,"quote（只读报价；由 Run.extract→extraction_quote 调用，run.gd:226-227,229-240）",3,拒绝：river-launch 风声超限 → '风声超过此路线限制',Godot/three_d/rules/routes.gd:30-31,rejected,yes,route_guard.river_heat,Godot/three_d/tests/route_guard_coverage_test.gd::river_heat,output/3d/route-guard-coverage.json,strong,catalogued_strong,
routes,Godot/three_d/rules/routes.gd,"quote（只读报价；由 Run.extract→extraction_quote 调用，run.gd:226-227,229-240）",3,接受：river-launch 恰在 heat==maxHeat 边界,Godot/three_d/rules/routes.gd:30-31,accepted,yes,route_guard.river_heat_boundary,Godot/three_d/tests/route_guard_coverage_test.gd::river_heat_boundary,output/3d/route-guard-coverage.json,strong,catalogued_strong,
routes,Godot/three_d/rules/routes.gd,"quote（由 Run.extract→extraction_quote 调用；run.gd:226-227,229-240）",3,拒绝：reason 为空且 cash<fee → '随身现金不足以支付费用'（fee 由 32-42（固定 fee=10 + lost_cash 规则） 计算）,Godot/three_d/rules/routes.gd:32-42;Godot/three_d/rules/routes.gd:49-50,rejected,yes,route_guard.cash_dropbag-cash,Godot/three_d/tests/route_guard_coverage_test.gd::cash_dropbag-cash,output/3d/route-guard-coverage.json,strong,catalogued_strong,与 route_guard.cash_dropbag-valuables 共用同一 kind 分支与 49-50 → 合并候选；注意其 fee 恒为 10；[汇总归位] source_line 注解：固定 fee=10 + lost_cash 规则
routes,Godot/three_d/rules/routes.gd,"quote（由 Run.extract→extraction_quote 调用；run.gd:226-227,229-240）",3,拒绝：reason 为空且 cash<fee → '随身现金不足以支付费用'（fee 由 32-42（固定 fee=10 + lost_goods 规则） 计算）,Godot/three_d/rules/routes.gd:32-42;Godot/three_d/rules/routes.gd:49-50,rejected,yes,route_guard.cash_dropbag-valuables,Godot/three_d/tests/route_guard_coverage_test.gd::cash_dropbag-valuables,output/3d/route-guard-coverage.json,strong,catalogued_strong,与 route_guard.cash_dropbag-cash 共用同一 kind 分支与 49-50 → 合并候选；用例中 goods>0 故先不触发 '没有可舍弃的贵重物'；[汇总归位] source_line 注解：固定 fee=10 + lost_goods 规则
routes,Godot/three_d/rules/routes.gd,"quote（只读报价；由 Run.extract→extraction_quote 调用，run.gd:226-227,229-240）",3,拒绝：dropbag 未发现紧急出口（heat<4 且 completed 空且无贵重物）→ '尚未发现紧急出口线索',Godot/three_d/rules/routes.gd:34-35,rejected,yes,route_guard.emergency_unknown,Godot/three_d/tests/route_guard_coverage_test.gd::emergency_unknown,output/3d/route-guard-coverage.json,strong,catalogued_strong,emergency_known 定义于 run.gd:500-501
routes,Godot/three_d/rules/routes.gd,"quote（只读报价；由 Run.extract→extraction_quote 调用，run.gd:226-227,229-240）",3,拒绝：dropbag-valuables 无贵重物 → '没有可舍弃的贵重物',Godot/three_d/rules/routes.gd:41-42,rejected,yes,route_guard.goods_empty,Godot/three_d/tests/route_guard_coverage_test.gd::goods_empty,output/3d/route-guard-coverage.json,strong,catalogued_strong,真实路径：routes_items_test.gd:59-61
routes,Godot/three_d/rules/routes.gd,"quote（只读报价；由 Run.extract→extraction_quote 调用，run.gd:226-227,229-240）",3,拒绝：未知路线 kind → '未知路线',Godot/three_d/rules/routes.gd:43-44,rejected,no,route_guard.unknown_kind,Godot/three_d/tests/route_guard_coverage_test.gd::unknown_kind,output/3d/route-guard-coverage.json,strong,catalogued_strong,player_reachable=no：UI 的路线列表只遍历 Routes.NAMES（run.gd:395-396、world.gd:1084），kind 恒为已知
routes,Godot/three_d/rules/routes.gd,"quote（只读报价；由 Run.extract→extraction_quote 调用，run.gd:226-227,229-240）",3,阶段：not active → 覆盖前述任何 kind 专属 reason（'当前没有进行中的出局'）,Godot/three_d/rules/routes.gd:45-46,phase_condition,no,route_guard.inactive,Godot/three_d/tests/route_guard_coverage_test.gd::inactive,output/3d/route-guard-coverage.json,strong,catalogued_strong,优先级：本守卫 if 覆盖 10-44 赋的 reason。player_reachable=no：撤离/报价入口都要求 active
routes,Godot/three_d/rules/routes.gd,"quote（只读报价；由 Run.extract→extraction_quote 调用，run.gd:226-227,229-240）",3,互斥/优先级：kind 专属 reason 优先于 cash<fee（L49 仅当 reason 为空才判现金）,Godot/three_d/rules/routes.gd:45-50,mutually_exclusive,yes,-,Godot/three_d/tests/route_guard_coverage_test.gd::cash_general,output/3d/route-guard-coverage.json,strong,unreachable_or_not_transition,route_guard_coverage_test.gd:74-77 把 cash 归零后仍维持原 kind reason，验证优先级；本行非独立 outcome
routes,Godot/three_d/rules/routes.gd,"quote（只读报价；由 Run.extract→extraction_quote 调用，run.gd:226-227,229-240）",3,阶段：table!=null → 覆盖前述 reason（'请先完成牌桌并离座'）,Godot/three_d/rules/routes.gd:47-48,phase_condition,no,route_guard.table_active,Godot/three_d/tests/route_guard_coverage_test.gd::table_active,output/3d/route-guard-coverage.json,strong,catalogued_strong,player_reachable=no：落座时 request_action 被拒（world.gd:477），服务面板 route 动作只在 table==null 列出（run.gd:411-413）
routes,Godot/three_d/rules/routes.gd,"quote（只读报价；由 Run.extract→extraction_quote 调用，run.gd:226-227,229-240）",3,拒绝：reason 为空且 cash<fee → '随身现金不足以支付费用'（同一分支覆盖 route_guard.cash_general / route_guard.cash_fixed / route_guard.cash_service-stairs / route_guard.cash_river-launch / route_guard.cash_dropbag-cash / route_guard.cash_dropbag-valuables 六个 ID）,Godot/three_d/rules/routes.gd:49-50,rejected,yes,route_guard.cash_general,Godot/three_d/tests/route_guard_coverage_test.gd::cash_general,output/3d/route-guard-coverage.json,strong,catalogued_strong,同一分支（L49-50）共 6 个目录 ID：cash_general / cash_fixed / cash_service-stairs / cash_river-launch / cash_dropbag-cash / cash_dropbag-valuables，仅测试路线不同、后继相同 → 合并；真实路径：routes_items_test.gd:62-63
run,Godot/three_d/rules/run.gd,transfer_venue,100,普通出口线索未知（继承 Routes.quote general）,Godot/three_d/rules/routes.gd:12-13,rejected,no,transfer.exit_unknown,Godot/three_d/tests/transfer_coverage_test.gd::transfer.exit_unknown,output/3d/transfer-coverage.json,strong,catalogued_strong,source_line 落在 routes.gd（reason 的生产地），但 transfer_quote:91 把它作为初值继承，条目归属 run.gd/transfer_venue。本 ID 与 route_guard.general_unknown 语义重复（跨文件重复计数风险，见 notes）。player_reachable=no：按钮禁用
run,Godot/three_d/rules/run.gd,transfer_venue,100,风声 6 封锁普通出口（继承 Routes.quote general）,Godot/three_d/rules/routes.gd:14-15,rejected,no,transfer.exit_locked,Godot/three_d/tests/transfer_coverage_test.gd::transfer.exit_locked,output/3d/transfer-coverage.json,strong,catalogued_strong,结构性不可达：heat>=6 且 active 时 check_pressure（world.gd:584 leave_seat / 945 service_action）必然调用 enforce_pressure 且 table==null → 立刻强制出局，玩家没有任何时间窗打开转场面板；heat==6 只可能在 table!=null 期间存在（enter_table:175 钳位），而落座时无法走回大厅出口。venue_order_test.gd:80-83 的脚本回合也把 heat 6 直接判为 forced。本 ID 与 route_guard.general_locked 语义重复
run,Godot/three_d/rules/run.gd,transfer_venue,100,未出发（继承 Routes.quote 的 not active）,Godot/three_d/rules/routes.gd:45-46,rejected,no,transfer.inactive,Godot/three_d/tests/transfer_coverage_test.gd::transfer.inactive,output/3d/transfer-coverage.json,strong,catalogued_strong,source_line 落在 routes.gd（reason 生产地），条目归属 run.gd/transfer_venue（transfer_quote:91 继承初值）。player_reachable=no：transfer_button 可见性要求 run_game.active（world.gd:760），且继承 reason 非空时确认按钮被禁用（world.gd:788-790）。本 ID 与 route_guard.inactive 语义重复（跨文件重复计数风险）
run,Godot/three_d/rules/run.gd,transfer_venue,100,牌桌未结算（继承 Routes.quote 的 table != null）,Godot/three_d/rules/routes.gd:47-48,rejected,no,transfer.table_active,Godot/three_d/tests/transfer_coverage_test.gd::transfer.table_active,output/3d/transfer-coverage.json,strong,catalogued_strong,"player_reachable=no：table!=null 必伴随 seated，而 request_action 在 seated 时直接返回 false（world.gd:477），无法打开大厅出口面板；测试用 enter_table(...,\ledger-cellar\"") 直接构造。本 ID 与 route_guard.table_active 语义重复"""
run,Godot/three_d/rules/run.gd,start,51,旧 revision 拒绝,Godot/three_d/rules/run.gd:52-53,rejected,no,start.stale,Godot/three_d/tests/lifecycle_coverage_test.gd::start.stale,output/3d/lifecycle-coverage.json,strong,catalogued_strong,四条件在源码里是同一个 or 复合守卫；拒绝断言完整 checkpoint 不变（lifecycle_coverage_test.gd:22）。player_reachable=no：run_revision 在 world.gd:757 于面板打开瞬间快照，运行面板是模态的（world.gd:820 关闭玩家控制），面板存续期间不存在任何可前移 revision 的玩家路径（其余权威入口都要经过同一面板的 confirm，见 world.gd:835 的 disabled 检查）→ 只有测试或旁路调用能造出旧 revision
run,Godot/three_d/rules/run.gd,start,51,active 已在进行中,Godot/three_d/rules/run.gd:52-53,rejected,no,start.active,Godot/three_d/tests/lifecycle_coverage_test.gd::start.active,output/3d/lifecycle-coverage.json,strong,catalogued_strong,player_reachable=no：world.gd:1009 的不变式 (room==stash)==not active 意味着 active 时玩家不可能在藏匿点；而“带钱出发”面板只能从藏匿点的 enter_tavern 门打开（world.gd:241 → world.gd:514），故 UI 下 start 不可能以 active=true 被调用。测试用连续两次 start 直接构造
run,Godot/three_d/rules/run.gd,start,51,vault < 120,Godot/three_d/rules/run.gd:52-53,rejected,no,start.low_vault,Godot/three_d/tests/lifecycle_coverage_test.gd::start.low_vault,output/3d/lifecycle-coverage.json,strong,catalogued_strong,player_reachable=no：world.gd:777-780 在 vault<120 时把按钮换成“重置试玩资金”并令 run_action=reset，start 根本不会被调用；玩家看到的是 world 自己写的提示文案而不是本守卫
run,Godot/three_d/rules/run.gd,start,51,未知目的地,Godot/three_d/rules/run.gd:52-53,rejected,no,start.unknown_venue,Godot/three_d/tests/lifecycle_coverage_test.gd::start.unknown_venue,output/3d/lifecycle-coverage.json,strong,catalogued_strong,player_reachable=no：目的地来自 RunRules.SCENE_NAMES 生成的 OptionButton 元数据（world.gd:397-398），恒为合法场景 id
run,Godot/three_d/rules/run.gd,start,51,接受成立（重置 33 个字段并 revision+1）,Godot/three_d/rules/run.gd:54-86,accepted,yes,start.success,Godot/three_d/tests/lifecycle_coverage_test.gd::start.success,output/3d/lifecycle-coverage.json,strong,catalogued_strong,强证据断言 vault+cash 守恒、cash==300、bankroll==300、active、revision==before+1。后继含 vault-=bankroll、variant_plan=Variants.generate、offer_index=plan.initial_offer、搜索/道具/路线/预约/情报全部清空、active=true。合并理由：33 个字段写入是同一接受结果的构成，不另立行；其中 bankroll 钳位另立一行
run,Godot/three_d/rules/run.gd,start,51,"bankroll 取 min(standardBankroll,vault) 钳位（vault<300 时金库归零）",Godot/three_d/rules/run.gd:61-62,phase_condition,yes,start.partial_bankroll,Godot/three_d/tests/lifecycle_coverage_test.gd::start.partial_bankroll,output/3d/lifecycle-coverage.json;output/3d/regression/20260925-120721/report.json,strong,catalogued_strong,当前目录已登记 start.partial_bankroll；vault=120 的正式测试验证 vault=0、cash/bankroll=120、财富守恒、Run active 及 revision 增加。
run,Godot/three_d/rules/run.gd,transfer_venue,100,未知目的地（transfer_quote:92）,Godot/three_d/rules/run.gd:92,rejected,no,transfer.unknown_destination,Godot/three_d/tests/transfer_coverage_test.gd::transfer.unknown_destination,output/3d/transfer-coverage.json,strong,catalogued_strong,player_reachable=no：目的地恒为合法场景 id（world.gd:397-398）且已访问项被 set_item_disabled 屏蔽（world.gd:762）；确认按钮在 reason 非空时被禁用（world.gd:788-790）
run,Godot/three_d/rules/run.gd,transfer_venue,100,本晚已去过该酒馆（transfer_quote:93）,Godot/three_d/rules/run.gd:93,rejected,no,transfer.already_visited,Godot/three_d/tests/transfer_coverage_test.gd::transfer.already_visited,output/3d/transfer-coverage.json,strong,catalogued_strong,player_reachable=no：已访问场景在 world.gd:762 被置为 disabled，且 world.gd:763-767 会把选中项挪到第一个可用项
run,Godot/three_d/rules/run.gd,transfer_venue,100,本店尚未完成一桌（transfer_quote:94）,Godot/three_d/rules/run.gd:94,rejected,no,transfer.no_local_completion,Godot/three_d/tests/transfer_coverage_test.gd::transfer.no_local_completion,output/3d/transfer-coverage.json,strong,catalogued_strong,player_reachable=no（但玩家可见）：转场按钮可见性只要求 completed.size()>0（world.gd:760），到达新店后 arrival_completed==completed.size() 使本守卫成立，quote.reason 在 world.gd:788-790 被显示且禁用确认按钮 → 守卫被求值但 transfer_venue 不被调用。转移类拒绝族的代表性形态
run,Godot/three_d/rules/run.gd,transfer_venue,100,本晚四桌已完成（transfer_quote:95）,Godot/three_d/rules/run.gd:95,rejected,no,transfer.evening_complete,Godot/three_d/tests/transfer_coverage_test.gd::transfer.evening_complete,output/3d/transfer-coverage.json,strong,catalogued_strong,player_reachable=no：转场按钮要求 completed.size()<4（world.gd:760），满 4 桌后按钮不可见
run,Godot/three_d/rules/run.gd,transfer_venue,100,行动力不足（transfer_quote:96）,Godot/three_d/rules/run.gd:96,rejected,no,transfer.no_action_points,Godot/three_d/tests/transfer_coverage_test.gd::transfer.no_action_points,output/3d/transfer-coverage.json,strong,catalogued_strong,player_reachable=no（但玩家可见）：状态完全可达（完成一桌后把 2 点行动力花在搜索/降温上），但 reason 非空 → 确认按钮禁用。同 no_local_completion
run,Godot/three_d/rules/run.gd,transfer_venue,100,现金不足（transfer_quote:97）,Godot/three_d/rules/run.gd:97,rejected,no,transfer.insufficient_cash,Godot/three_d/tests/transfer_coverage_test.gd::transfer.insufficient_cash,output/3d/transfer-coverage.json,strong,catalogued_strong,player_reachable=no（但玩家可见）：出局后现金可为 0、而 fee 至少 24+15；状态可达但按钮被禁用
run,Godot/three_d/rules/run.gd,transfer_venue,100,旧 revision 拒绝,Godot/three_d/rules/run.gd:101,rejected,no,transfer.stale_revision,Godot/three_d/tests/transfer_coverage_test.gd::transfer.stale_revision,output/3d/transfer-coverage.json,strong,catalogued_strong,同 start.stale 的面板模态论证；测试靠传 r.revision-1 构造。拒绝断言完整 checkpoint 不变（transfer_coverage_test.gd:35）
run,Godot/three_d/rules/run.gd,transfer_venue,100,接受成立（付费+行动力-1+换店重置出口线索）,Godot/three_d/rules/run.gd:104-128,accepted,yes,transfer.success,Godot/three_d/tests/transfer_coverage_test.gd::transfer.success,output/3d/transfer-coverage.json,strong,catalogued_strong,强证据断言 cash-quote.fee、action_points-1、vault 不变、scene_id、completed 不变、variant_plan.table_seeds 不变。后继含 arrival_completed=completed.size()、offer_index=新店 initial_offer、public_exit=false、route_flags.clear()、reservation.clear()、revision+1。已断言但无独立 ID 的接受子属性：table_seeds/opponents/events/room_layout 跨店保留（venue_transfer_test.gd:37-38）、旧预约作废不退款（同测试:39）
run,Godot/three_d/rules/run.gd,transfer_venue,100,variant_plan 为空时重生成（旧存档缺 run_seed/variant_plan）,Godot/three_d/rules/run.gd:104,phase_condition,yes,-,Godot/three_d/tests/run_variants_test.gd::Old active run keeps original shelf without reroll,-,weak,unreachable_or_not_transition,防御回退但并入 transfer.success。可达性：run_variants_test.gd:42-47 造出空 variant_plan 且 active 的合法存档并通过 restore；但该测试只验证 shop_stock 回退，未调用 transfer_venue，故对 transfer_venue 这条分支是弱证据
run,Godot/three_d/rules/run.gd,transfer_venue,100,开盘方案跨店保留（只保留四类晚会级键）,Godot/three_d/rules/run.gd:107-108,phase_condition,yes,-,Godot/three_d/tests/venue_transfer_test.gd::Transfer cannot reroll,output/3d/venue-order-matrix.json,strong,unreachable_or_not_transition,非独立语义结果：并入 transfer.success；.duplicate(true) 与直接赋值之分只是 Dictionary/Array 与 String 的类型驱动差别，不改变后继语义
run,Godot/three_d/rules/run.gd,transfer_venue,100,旧版 plan 缺失键的回填（opponents/events/room_layout）,Godot/three_d/rules/run.gd:109-113,phase_condition,yes,-,Godot/three_d/tests/event_pool_test.gd::Version 1 retains original event placement,-,weak,unreachable_or_not_transition,防御分支但不是独立结果：三个 if 只做缺键回填，仍走同一条 transfer.success。可达性：需要 v1/v2 版本或缺失字段的旧存档（run_variants.gd:39 允许 version 1..4，run_checkpoint.gd:88 放行，SaveStore.VERSION 恒为 1 从不失效）；event_pool_test.gd:42-50 与 room_pool_test.gd:102-106 证明这类 plan 可被 restore，但都未在 transfer_venue 上验证
run,Godot/three_d/rules/run.gd,transfer_venue,100,venue_history 为空的兜底补齐,Godot/three_d/rules/run.gd:115-116,phase_condition,no,-,-,-,none,unreachable_or_not_transition,不可达：start:55 必写 [destination]；旧存档空 history 由 run_checkpoint.gd:31-32 在 restore 时补齐，且 world.gd:1009 要求 (room==stash)==not active，因此 transfer 时刻 history 必非空
run,Godot/three_d/rules/run.gd,enter_table,165,未知牌桌（table_blocked_reason:131-132）,Godot/three_d/rules/run.gd:131-132,rejected,no,entry.unknown_table,Godot/three_d/tests/entry_coverage_test.gd::entry.unknown_table,output/3d/entry-coverage.json,strong,catalogued_strong,player_reachable=no：active_table_id 来自 world.gd:877 的 ROOMS 表，恒为四张桌之一。守卫被合并在 table_blocked_reason 里，按目录口径归入 entry.* 家族
run,Godot/three_d/rules/run.gd,enter_table,165,未出发（table_blocked_reason:133-134）,Godot/three_d/rules/run.gd:133-134,rejected,no,entry.inactive,Godot/three_d/tests/entry_coverage_test.gd::entry.inactive,output/3d/entry-coverage.json,strong,catalogued_strong,player_reachable=no：active=false 意味着在藏匿点（world.gd:1009），藏匿点只有 toggle_case / enter_tavern 两个锚点（world.gd:240-241），根本走不到牌桌
run,Godot/three_d/rules/run.gd,enter_table,165,当前牌桌未结算（table_blocked_reason:135-136）,Godot/three_d/rules/run.gd:135-136,rejected,no,entry.table_active,Godot/three_d/tests/entry_coverage_test.gd::entry.table_active,output/3d/entry-coverage.json,strong,catalogued_strong,player_reachable=no：table!=null 时玩家必定 seated，而 request_action 在 seated 时直接返回 false（world.gd:477），无法再次触发 sit
run,Godot/three_d/rules/run.gd,enter_table,165,本局已完成此桌（table_blocked_reason:137-138）,Godot/three_d/rules/run.gd:137-138,rejected,no,entry.completed,Godot/three_d/tests/entry_coverage_test.gd::entry.completed,output/3d/entry-coverage.json,strong,catalogued_strong,player_reachable=no（但玩家可见）：坐桌前 world.gd:531-534 先调 table_blocked_reason 并直接 return false，enter_table 不会被调用
run,Godot/three_d/rules/run.gd,enter_table,165,房间前置未完成（table_blocked_reason:139-141 + room_blocked_reason:153-155）,Godot/three_d/rules/run.gd:139-141,rejected,no,entry.locked,Godot/three_d/tests/entry_coverage_test.gd::entry.locked,output/3d/entry-coverage.json,strong,catalogued_strong,player_reachable=no（但玩家可见）：同一前置判定在坐桌前（world.gd:531）与房间门处（world.gd:493）先行阻断。守卫本体在 room_blocked_reason/room_requirements，按目录口径归入 entry.* 家族
run,Godot/three_d/rules/run.gd,enter_table,165,随身现金不足买入（table_blocked_reason:142-143）,Godot/three_d/rules/run.gd:142-143,rejected,no,entry.insufficient_cash,Godot/three_d/tests/entry_coverage_test.gd::entry.insufficient_cash,output/3d/entry-coverage.json,strong,catalogued_strong,player_reachable=no（但玩家可见）：world.gd:531-534 在坐下前已用同一谓词拦截，落座面板不会打开
run,Godot/three_d/rules/run.gd,enter_table,165,fork 房间图：镜厅改为只需货运桌（room_requirements:147-148）,Godot/three_d/rules/run.gd:147-148,rejected,yes,-,Godot/three_d/tests/room_pool_test.gd::Mirror entry follows graph,-,weak,reachable_unmapped,与 entry.locked 的锁拓扑不同（linear 下镜厅需账房地窖）。room_pool_test.gd:26 断言 room_blocked_reason(mirror-hall).is_empty()==(room_layout==fork)，:106 断言 v3 保留线性，但只断言锁判定、未断言拒绝时 enter_table 的完整状态不变 → weak。分母候选（需补：fork 下未完成货运桌时 enter_table(mirror-hall) 返回 null 且完整 checkpoint 不变）
run,Godot/three_d/rules/run.gd,enter_table,165,fork 房间图：余烬桌改为需账房+镜厅同时完成（room_requirements:149）,Godot/three_d/rules/run.gd:149,rejected,yes,-,Godot/three_d/tests/room_pool_test.gd::Fork final room requires both middle tables,-,weak,reachable_unmapped,room_pool_test.gd:29 断言 room_blocked_reason(embers-table).is_empty()==(room_layout==linear)，:94-97 在真实门上断言“必须先有账房”。同样只有锁判定、无完整状态断言 → weak。分母候选
run,Godot/three_d/rules/run.gd,enter_table,165,旧 revision 拒绝,Godot/three_d/rules/run.gd:166-167,rejected,no,entry.stale_revision,Godot/three_d/tests/entry_coverage_test.gd::entry.stale_revision,output/3d/entry-coverage.json,strong,catalogued_strong,world.gd:639 传的是即时求值的 run_game.revision（不是快照），陈旧 revision 在结构上不可能
run,Godot/three_d/rules/run.gd,enter_table,165,接受成立（买入扣现+风声+建桌+revision+1）,Godot/three_d/rules/run.gd:168-181,accepted,yes,entry.success,Godot/three_d/tests/entry_coverage_test.gd::entry.success,output/3d/entry-coverage.json,strong,catalogued_strong,强证据断言 cash-buyIn、heat+heatGain、vault 不变、revision+1、collateral 为空、inventory 不变、completed 不变、action_points 不变、tableDef.id、对手数 3。后继含 used_tools.clear()、preview={}、table=新 TableRules。合并理由：collateral 为空的接受与 entry.collateral 是同一条源码路径的两种输入
run,Godot/three_d/rules/run.gd,enter_table,165,抵押物不被该桌允许,Godot/three_d/rules/run.gd:169-171,rejected,no,entry.collateral_disallowed,Godot/three_d/tests/entry_coverage_test.gd::entry.collateral_disallowed,output/3d/entry-coverage.json,strong,catalogued_strong,player_reachable=no：抵押下拉框仅在 allowCollateral 为真时可见（table_hud.gd:145），selected_collateral 在不可见时返回空串（table_hud.gd:227）
run,Godot/three_d/rules/run.gd,enter_table,165,抵押物不在背包,Godot/three_d/rules/run.gd:169-171,rejected,no,entry.collateral_unowned,Godot/three_d/tests/entry_coverage_test.gd::entry.collateral_unowned,output/3d/entry-coverage.json,strong,catalogued_strong,player_reachable=no：下拉框只枚举 run.inventory 中 kind==valuable 的项（table_hud.gd:146-150），four_tables_test.gd:62 亦断言“只有已拥有的贵重物可选”
run,Godot/three_d/rules/run.gd,enter_table,165,抵押物不是贵重物,Godot/three_d/rules/run.gd:169-171,rejected,no,entry.collateral_not_valuable,Godot/three_d/tests/entry_coverage_test.gd::entry.collateral_not_valuable,output/3d/entry-coverage.json,strong,catalogued_strong,player_reachable=no：同 collateral_unowned，UI 只列出贵重物
run,Godot/three_d/rules/run.gd,enter_table,165,接受成立且带走抵押物（inventory.erase + collateral 赋值）,Godot/three_d/rules/run.gd:172-173,accepted,yes,entry.collateral,Godot/three_d/tests/entry_coverage_test.gd::entry.collateral,output/3d/entry-coverage.json,strong,catalogued_strong,断言 collateral==pledge 且 inventory 为空；four_tables_test.gd:73-75 另在真实 UI 路径上断言 Escrow 与不可变卖。合并理由：与 entry.success 共享同一段接受体，仅多一次 inventory.erase 与 collateral 记录
run,Godot/three_d/rules/run.gd,enter_table,165,"风声钳位 mini(6, heat+heatGain+entryHeatBonus)",Godot/three_d/rules/run.gd:175,phase_condition,yes,entry.heat_cap,Godot/three_d/tests/entry_coverage_test.gd::entry.heat_cap,output/3d/entry-coverage.json;output/3d/regression/20260925-120721/report.json,strong,catalogued_strong,rooftop-club 入场加成为 1；从风声 5 通过公开 enter_table 成功入座后验证风声封顶 6、现金支付、vault 不变、revision 前进且实际桌型正确。
run,Godot/three_d/rules/run.gd,settle_table,183,旧 revision 拒绝,Godot/three_d/rules/run.gd:184,rejected,no,settlement.stale_revision,Godot/three_d/tests/settlement_coverage_test.gd::settlement.stale_revision,output/3d/settlement-coverage.json,strong,catalogued_strong,world.gd:568 传即时 run_game.revision，结构上不可能陈旧
run,Godot/three_d/rules/run.gd,settle_table,183,未出发,Godot/three_d/rules/run.gd:184,rejected,no,settlement.inactive,Godot/three_d/tests/settlement_coverage_test.gd::settlement.inactive,output/3d/settlement-coverage.json,strong,catalogued_strong,不可达：需要 active=false 且 table!=null，而两条出局路径（extract:238 / abandon:490）都要求 table==null，且 world.gd:1009 的落座不变式禁止该组合
run,Godot/three_d/rules/run.gd,settle_table,183,无进行中的牌桌,Godot/three_d/rules/run.gd:184,rejected,no,settlement.no_table,Godot/three_d/tests/settlement_coverage_test.gd::settlement.no_table,output/3d/settlement-coverage.json,strong,catalogued_strong,world.gd:568 只在 table_game!=null 时调用，而 table_game 与 run_game.table 同源赋值（world.gd:639/1025）→ table 必非空
run,Godot/three_d/rules/run.gd,settle_table,183,牌桌未结束,Godot/three_d/rules/run.gd:184,rejected,no,settlement.unfinished,Godot/three_d/tests/settlement_coverage_test.gd::settlement.unfinished,output/3d/settlement-coverage.json,strong,catalogued_strong,不可达：world.gd:565 leave_seat 已要求 status==finished 才继续，settle_table 只会看到 finished
run,Godot/three_d/rules/run.gd,settle_table,183,主池平局 → 视同获胜归还抵押物,Godot/three_d/rules/run.gd:191-194,accepted,yes,settlement.collateral_tie,Godot/three_d/tests/settlement_coverage_test.gd::settlement.collateral_tie,output/3d/settlement-coverage.json,strong,catalogued_strong,"winnerIds=[player,opponent] 且 stack 120==buyIn；four_tables_test.gd:118-128 在 fixture 双赢家上断言 returned==(“player” in winners)"
run,Godot/three_d/rules/run.gd,settle_table,183,summary.pots 非空 → 以 pots[0].winnerIds 判胜负（side pot 场景）,Godot/three_d/rules/run.gd:191,accepted,yes,settlement.side_pot_only,Godot/three_d/tests/settlement_coverage_test.gd::settlement.side_pot_only,output/3d/settlement-coverage.json,strong,catalogued_strong,pots[0] 归对手、pots[1] 归玩家 → won_final=false、不归还抵押物；four_tables_test.gd:126-129 复验“边池不能解锁抵押奖励”。可达性依赖 poker.gd 产出多池（非本审计范围），见 undetermined
run,Godot/three_d/rules/run.gd,settle_table,183,summary.pots 为空 → 回退 awards.player（弃牌结束路径）,Godot/three_d/rules/run.gd:191,accepted,yes,settlement.legacy_award,Godot/three_d/tests/settlement_coverage_test.gd::settlement.legacy_award,output/3d/settlement-coverage.json,strong,catalogued_strong,ID 名字带 legacy 但实为现役弃牌结局：table.gd:128 在全员弃牌时写 awards 且 pots=[]，故这是真实玩家路径。four_tables_test.gd:126 用同时含 awards 与 pots 的摘要构造
run,Godot/three_d/rules/run.gd,settle_table,183,抵押物最终未获胜 → 失去（last_reward 追加“已失去”）,Godot/three_d/rules/run.gd:192-194,rejected,yes,settlement.collateral_lost,Godot/three_d/tests/settlement_coverage_test.gd::settlement.collateral_lost,output/3d/settlement-coverage.json,strong,catalogued_strong,outcome=rejected 依目录口径（该 ID 记为 rejected）；实际是“最终手未获胜”的接受结算（returned=false、inventory 不加回抵押物）。four_tables_test.gd:113-114 在真实对局路径复验
run,Godot/three_d/rules/run.gd,settle_table,183,赢利行：stack > buyIn 且背包有位 → 发放奖励,Godot/three_d/rules/run.gd:197-202,accepted,yes,settlement.ivory,Godot/three_d/tests/settlement_coverage_test.gd::settlement.ivory,output/3d/settlement-coverage.json,strong,catalogued_strong,content.json cargo-table 第一条规则 inventoryMissing ivory-chip；测试用 stack 61 且背包无象牙筹码命中。断言 last_table_result 全字段 == 期望字典（settlement_coverage_test.gd:41）
run,Godot/three_d/rules/run.gd,settle_table,183,赢利行：发放 old-silver-lighter,Godot/three_d/rules/run.gd:197-202,accepted,yes,settlement.lighter,Godot/three_d/tests/settlement_coverage_test.gd::settlement.lighter,output/3d/settlement-coverage.json,strong,catalogued_strong,cargo-table 第三条规则 inventoryHas ivory-chip（stack 89 使 minStack 90 的 ruby 规则不命中）
run,Godot/three_d/rules/run.gd,settle_table,183,赢利行：发放 ruby-cufflink,Godot/three_d/rules/run.gd:197-202,accepted,yes,settlement.ruby,Godot/three_d/tests/settlement_coverage_test.gd::settlement.ruby,output/3d/settlement-coverage.json,strong,catalogued_strong,cargo-table 第二条规则 inventoryHas ivory-chip 且 minStack 90
run,Godot/three_d/rules/run.gd,settle_table,183,赢利行：发放 emerald-brooch,Godot/three_d/rules/run.gd:197-202,accepted,yes,settlement.emerald,Godot/three_d/tests/settlement_coverage_test.gd::settlement.emerald,output/3d/settlement-coverage.json,strong,catalogued_strong,ledger-cellar 兜底规则（无门槛）
run,Godot/three_d/rules/run.gd,settle_table,183,赢利行：发放 pearl-necklace,Godot/three_d/rules/run.gd:197-202,accepted,yes,settlement.pearl,Godot/three_d/tests/settlement_coverage_test.gd::settlement.pearl,output/3d/settlement-coverage.json,strong,catalogued_strong,ledger-cellar minStack 130；[汇总订正] evidence_report output/3d/settlement_coverage.json → output/3d/settlement-coverage.json（报告名用连字符而非下划线）
run,Godot/three_d/rules/run.gd,settle_table,183,赢利行：发放 gold-cased-watch,Godot/three_d/rules/run.gd:197-202,accepted,yes,settlement.watch,Godot/three_d/tests/settlement_coverage_test.gd::settlement.watch,output/3d/settlement-coverage.json,strong,catalogued_strong,mirror-hall 兜底规则（stack 169 未达 sealed-bond 的 170）
run,Godot/three_d/rules/run.gd,settle_table,183,赢利行：发放 sealed-bond,Godot/three_d/rules/run.gd:197-202,accepted,yes,settlement.bond,Godot/three_d/tests/settlement_coverage_test.gd::settlement.bond,output/3d/settlement-coverage.json,strong,catalogued_strong,mirror-hall minStack 170
run,Godot/three_d/rules/run.gd,settle_table,183,赢利行：发放 antique-coin（collateralReturned 规则）,Godot/three_d/rules/run.gd:197-202,accepted,yes,settlement.antique,Godot/three_d/tests/settlement_coverage_test.gd::settlement.antique,output/3d/settlement-coverage.json,strong,catalogued_strong,mirror-hall 首条规则 collateralReturned=true；需先抵押并赢下最后一手（four_tables_test.gd:91 在真实路径上复验）
run,Godot/three_d/rules/run.gd,settle_table,183,赢利行：发放 obsidian-idol,Godot/three_d/rules/run.gd:197-202,accepted,yes,settlement.idol,Godot/three_d/tests/settlement_coverage_test.gd::settlement.idol,output/3d/settlement-coverage.json,strong,catalogued_strong,embers-table 兜底规则
run,Godot/three_d/rules/run.gd,settle_table,183,赢利行：发放 vault-promissory,Godot/three_d/rules/run.gd:197-202,accepted,yes,settlement.promissory,Godot/three_d/tests/settlement_coverage_test.gd::settlement.promissory,output/3d/settlement-coverage.json,strong,catalogued_strong,embers-table minStack 220
run,Godot/three_d/rules/run.gd,settle_table,183,不亏不赚 stack == buyIn（无奖励行）,Godot/three_d/rules/run.gd:197,accepted,yes,settlement.break_even,Godot/three_d/tests/settlement_coverage_test.gd::settlement.break_even,output/3d/settlement-coverage.json,strong,catalogued_strong,与 settlement.loss 共享源码行（同一条 else 分支），仅由输入 stack 值区分（60 vs 0）而源码无对应分支 → 目录把它拆成两个 ID 属输入级细分，合并理由记录于此
run,Godot/three_d/rules/run.gd,settle_table,183,亏损 stack < buyIn（无奖励行）,Godot/three_d/rules/run.gd:197,accepted,yes,settlement.loss,Godot/three_d/tests/settlement_coverage_test.gd::settlement.loss,output/3d/settlement-coverage.json,strong,catalogued_strong,同上（与 break_even 同行同后继，仅 stack 值不同）
run,Godot/three_d/rules/run.gd,settle_table,183,背包满 → 奖励作废但保留奖励名,Godot/three_d/rules/run.gd:203-204,accepted,yes,settlement.full_bag,Godot/three_d/tests/settlement_coverage_test.gd::settlement.full_bag,output/3d/settlement-coverage.json,strong,catalogued_strong,测试断言 reward_added==false 且 last_reward 含“背包已满”，并断言 inventory 未加物品
run,Godot/three_d/rules/run.gd,settle_table,183,"胜利热缓释 heat = max(0, heat - winHeatRelief)",Godot/three_d/rules/run.gd:205,phase_condition,yes,settlement.heat_relief,Godot/three_d/tests/settlement_coverage_test.gd::settlement.heat_relief,output/3d/settlement-coverage.json;output/3d/regression/20260925-120721/report.json,strong,catalogued_strong,盈利结算余烬桌时，测试验证 cash 回收、桌面清理、完成标记与 revision 前进，并精确断言 heat 按 winHeatRelief 从 2 降至 1。
run,Godot/three_d/rules/run.gd,settle_table,183,接受体：离座公共状态（completed/search_index/行动力/heat_reduced/public_exit/revision）,Godot/three_d/rules/run.gd:206-216,phase_condition,yes,-,Godot/three_d/tests/settlement_coverage_test.gd::settlement.ivory,output/3d/settlement-coverage.json,strong,unreachable_or_not_transition,该段对 17 条 settlement 接受 ID 共用，故不另立 ID（此行只为记录被共用的权威写入，代表断言取自 settlement.ivory 那条）。断言含 action_points==content.searchActions、heat_reduced==false、public_exit==true、search_index+1、revision+1、completed 追加一桌
run,Godot/three_d/rules/run.gd,discover_exit,219,未出发,Godot/three_d/rules/run.gd:220-221,rejected,no,discover.inactive,Godot/three_d/tests/lifecycle_coverage_test.gd::discover.inactive,output/3d/lifecycle-coverage.json,strong,catalogued_strong,player_reachable=no：出口告示锚点在 Tavern（world.gd:281），active=false 时玩家只在藏匿点
run,Godot/three_d/rules/run.gd,discover_exit,219,牌桌进行中,Godot/three_d/rules/run.gd:220-221,rejected,no,discover.table_active,Godot/three_d/tests/lifecycle_coverage_test.gd::discover.table_active,output/3d/lifecycle-coverage.json,strong,catalogued_strong,player_reachable=no：落座时 request_action 直接拒绝（world.gd:477）
run,Godot/three_d/rules/run.gd,discover_exit,219,出口已知（重复交互）,Godot/three_d/rules/run.gd:220-221,rejected,yes,discover.already_known,Godot/three_d/tests/lifecycle_coverage_test.gd::discover.already_known,output/3d/lifecycle-coverage.json,strong,catalogued_strong,唯一在正式 UI 下会真正触发的拒绝分支：world.gd:525 不检查返回值、也不做任何前置禁用，玩家可反复按 E → public_exit 已真时本守卫成立
run,Godot/three_d/rules/run.gd,discover_exit,219,接受成立（public_exit=true + revision+1）,Godot/three_d/rules/run.gd:222-224,accepted,yes,discover.success,Godot/three_d/tests/lifecycle_coverage_test.gd::discover.success,output/3d/lifecycle-coverage.json,strong,catalogued_strong,断言完整 checkpoint 仅 public_exit 与 revision 两处改变
run,Godot/three_d/rules/run.gd,extract,229,旧 revision 拒绝,Godot/three_d/rules/run.gd:231-232,rejected,no,extract.stale,Godot/three_d/tests/lifecycle_coverage_test.gd::extract.stale,output/3d/lifecycle-coverage.json,strong,catalogued_strong,同面板模态论证
run,Godot/three_d/rules/run.gd,extract,229,quote 拒绝（聚合守卫，具体理由归 routes.gd 的 24 条 route_guard.*）,Godot/three_d/rules/run.gd:231-232,rejected,no,extract.rejected_quote,Godot/three_d/tests/lifecycle_coverage_test.gd::extract.rejected_quote,output/3d/lifecycle-coverage.json,strong,catalogued_strong,player_reachable=no：world.gd:807-815 在 reason 非空时把确认按钮禁用并把理由显示给玩家 → extract 不会被调用。合并理由：本行是 reason 空间的聚合出口，24 条 route_guard.* 已逐条映射其理由（routes.gd 审计员负责）
run,Godot/three_d/rules/run.gd,extract,229,general 出口接受,Godot/three_d/rules/run.gd:233-239,accepted,yes,extract.general,Godot/three_d/tests/lifecycle_coverage_test.gd::extract.general,output/3d/lifecycle-coverage.json,strong,catalogued_strong,费用/弃物公式在 routes.gd:10-15；extraction_conservation_test.gd 在 4 店 × 6 路线 × cash 0..200 × heat 0..6 网格上断言 vault==before+net、cash==0、inventory 清空、not active、profit
run,Godot/three_d/rules/run.gd,extract,229,fixed 预约出口接受,Godot/three_d/rules/run.gd:233-239,accepted,yes,extract.fixed,Godot/three_d/tests/lifecycle_coverage_test.gd::extract.fixed,output/3d/lifecycle-coverage.json,strong,catalogued_strong,公式在 routes.gd:16-24；lifecycle 用 route_offer 复制出预约并在 4 条路线循环里断言 net 守恒
run,Godot/three_d/rules/run.gd,extract,229,service-stairs 接受,Godot/three_d/rules/run.gd:233-239,accepted,yes,extract.service-stairs,Godot/three_d/tests/lifecycle_coverage_test.gd::extract.service-stairs,output/3d/lifecycle-coverage.json,strong,catalogued_strong,公式在 routes.gd:25-31；需 route_flags 或后厨通行证（玩家可达）
run,Godot/three_d/rules/run.gd,extract,229,river-launch 接受,Godot/three_d/rules/run.gd:233-239,accepted,yes,extract.river-launch,Godot/three_d/tests/lifecycle_coverage_test.gd::extract.river-launch,output/3d/lifecycle-coverage.json,strong,catalogued_strong,公式在 routes.gd:25-31
run,Godot/three_d/rules/run.gd,extract,229,dropbag-cash 接受（弃 40% 现金）,Godot/three_d/rules/run.gd:233-239,accepted,yes,extract.dropbag-cash,Godot/three_d/tests/lifecycle_coverage_test.gd::extract.dropbag-cash,output/3d/lifecycle-coverage.json,strong,catalogued_strong,公式在 routes.gd:32-38；也是 enforce_pressure 在 heat 6 时唯一可用的常规路线
run,Godot/three_d/rules/run.gd,extract,229,dropbag-valuables 接受（弃全部贵重物）,Godot/three_d/rules/run.gd:233-239,accepted,yes,extract.dropbag-valuables,Godot/three_d/tests/lifecycle_coverage_test.gd::extract.dropbag-valuables,output/3d/lifecycle-coverage.json,strong,catalogued_strong,公式在 routes.gd:39-42（无贵重物则拒绝）
run,Godot/three_d/rules/run.gd,reset_demo,242,旧 revision 拒绝,Godot/three_d/rules/run.gd:243-244,rejected,no,reset.stale,Godot/three_d/tests/lifecycle_coverage_test.gd::reset.stale,output/3d/lifecycle-coverage.json,strong,catalogued_strong,同面板模态论证
run,Godot/three_d/rules/run.gd,reset_demo,242,进行中不可重置,Godot/three_d/rules/run.gd:243-244,rejected,no,reset.active,Godot/three_d/tests/lifecycle_coverage_test.gd::reset.active,output/3d/lifecycle-coverage.json,strong,catalogued_strong,player_reachable=no：重置按钮只在 vault<120 且从藏匿点的“带钱出发”面板出现（world.gd:777-780），而 active 时玩家不可能在藏匿点（world.gd:1009）
run,Godot/three_d/rules/run.gd,reset_demo,242,资金充足无需重置,Godot/three_d/rules/run.gd:243-244,rejected,no,reset.sufficient_funds,Godot/three_d/tests/lifecycle_coverage_test.gd::reset.sufficient_funds,output/3d/lifecycle-coverage.json,strong,catalogued_strong,player_reachable=no：vault>=120 时 world.gd:777 保持 run_action=enter，重置按钮不会触发
run,Godot/three_d/rules/run.gd,reset_demo,242,接受成立（vault=startingVault + revision+1）,Godot/three_d/rules/run.gd:245-248,accepted,yes,reset.success,Godot/three_d/tests/lifecycle_coverage_test.gd::reset.success,output/3d/lifecycle-coverage.json,strong,catalogued_strong,断言 vault==int(content.startingVault)==1200 且 revision+1。观察（非转移）：本函数不清 inventory/completed/bankroll/collateral，只清 last_result；因前置 active==false 而两条出局路径已清空背包，正常会话下无副作用，但契约上比 start 窄
run,Godot/three_d/rules/run.gd,service_action,315,拒绝（search）：未知选择（search_events.gd:25）,Godot/three_d/rules/run.gd:257-258,rejected,no,search.unknown_choice,Godot/three_d/tests/search_coverage_test.gd::search.unknown_choice,output/3d/search-coverage.json,strong,catalogued_strong,理由生产地在 search_events.gd:25（归 search_events 审计员）；run.gd 侧只负责 dispatch 与 revision 守卫，故 source_line 落在 run.gd。player_reachable=no：UI 只列 authored choice id
run,Godot/three_d/rules/run.gd,service_action,315,拒绝（search）：未出发或牌桌进行中（search_events.gd:26）,Godot/three_d/rules/run.gd:257-258,rejected,no,search.inactive,Godot/three_d/tests/search_coverage_test.gd::search.inactive,output/3d/search-coverage.json,strong,catalogued_strong,同上一行的归属说明。player_reachable=no：搜索站点在房间内，需行走才能触发，而 active=false 时玩家在藏匿点
run,Godot/three_d/rules/run.gd,service_action,315,拒绝（search）：同一句无法区分牌桌进行中（search_events.gd:26）,Godot/three_d/rules/run.gd:257-258,rejected,no,search.table_active,Godot/three_d/tests/search_coverage_test.gd::search.table_active,output/3d/search-coverage.json,strong,catalogued_strong,与 search.inactive 同源同行同文案（not active or table != null 由 or 合并）。player_reachable=no：落座时无法行走
run,Godot/three_d/rules/run.gd,service_action,315,拒绝（search）：房间未解锁（search_events.gd:27）,Godot/three_d/rules/run.gd:257-258,rejected,no,search.locked,Godot/three_d/tests/search_coverage_test.gd::search.locked,output/3d/search-coverage.json,strong,catalogued_strong,冗余防御：房间锁在门处已被 world.gd:493 与 world.gd:518 先行阻断，玩家不可能站在未解锁房间里点站点（room_pool_test.gd:27 专门断言该守卫与房间图一致）
run,Godot/three_d/rules/run.gd,service_action,315,拒绝（search）：本局已处理此处（search_events.gd:28）,Godot/three_d/rules/run.gd:257-258,rejected,no,search.repeat,Godot/three_d/tests/search_coverage_test.gd::search.repeat,output/3d/search-coverage.json,strong,catalogued_strong,状态可达（测试先真实执行一次搜索），但重开面板时该动作 reason 非空 → 按钮禁用
run,Godot/three_d/rules/run.gd,service_action,315,拒绝（search）：行动力不足（search_events.gd:29）,Godot/three_d/rules/run.gd:257-258,rejected,no,search.no_action_points,Godot/three_d/tests/search_coverage_test.gd::search.no_action_points,output/3d/search-coverage.json,strong,catalogued_strong,按钮禁用
run,Godot/three_d/rules/run.gd,service_action,315,拒绝（search）：现金不足（search_events.gd:30）,Godot/three_d/rules/run.gd:257-258,rejected,no,search.insufficient_cash,Godot/three_d/tests/search_coverage_test.gd::search.insufficient_cash,output/3d/search-coverage.json,strong,catalogued_strong,按钮禁用
run,Godot/three_d/rules/run.gd,service_action,315,拒绝（search）：背包已满（search_events.gd:31）,Godot/three_d/rules/run.gd:257-258,rejected,no,search.full_bag,Godot/three_d/tests/search_coverage_test.gd::search.full_bag,output/3d/search-coverage.json,strong,catalogued_strong,按钮禁用
run,Godot/three_d/rules/run.gd,service_action,315,拒绝（search）：路线已知（search_events.gd:32）,Godot/three_d/rules/run.gd:257-258,rejected,no,search.known_route,Godot/three_d/tests/search_coverage_test.gd::search.known_route,output/3d/search-coverage.json,strong,catalogued_strong,按钮禁用
run,Godot/three_d/rules/run.gd,service_action,315,拒绝（search）：牌桌已完成无需情报（search_events.gd:33）,Godot/three_d/rules/run.gd:257-258,rejected,no,search.completed_intel,Godot/three_d/tests/search_coverage_test.gd::search.completed_intel,output/3d/search-coverage.json,strong,catalogued_strong,按钮禁用
run,Godot/three_d/rules/run.gd,service_action,315,拒绝（search）：已知全部情报（search_events.gd:34）,Godot/three_d/rules/run.gd:257-258,rejected,no,search.known_intel,Godot/three_d/tests/search_coverage_test.gd::search.known_intel,output/3d/search-coverage.json,strong,catalogued_strong,按钮禁用
run,Godot/three_d/rules/run.gd,service_action,315,拒绝（search）：本轮已降风声（search_events.gd:35 前半）,Godot/three_d/rules/run.gd:257-258,rejected,no,search.cool_used,Godot/three_d/tests/search_coverage_test.gd::search.cool_used,output/3d/search-coverage.json,strong,catalogued_strong,与 search.cool_unneeded 同源同行同文案，源码不可区分（heat_reduced or heat<=0）。按钮禁用
run,Godot/three_d/rules/run.gd,service_action,315,拒绝（search）：无需降风声（search_events.gd:35 后半）,Godot/three_d/rules/run.gd:257-258,rejected,no,search.cool_unneeded,Godot/three_d/tests/search_coverage_test.gd::search.cool_unneeded,output/3d/search-coverage.json,strong,catalogued_strong,同上；差异仅来自夹具输入
run,Godot/three_d/rules/run.gd,service_action,315,未出发（service_reason:261-262）,Godot/three_d/rules/run.gd:261-262,rejected,no,service.inactive,Godot/three_d/tests/service_coverage_test.gd::service.inactive,output/3d/service-coverage.json,strong,catalogued_strong,player_reachable=no：active=false 时背包必空（extract:237 / abandon:489 清空），且 UI 对 reason 非空的动作禁用按钮（services_hud.gd:52）
run,Godot/three_d/rules/run.gd,service_action,315,拒绝（tool）：未出发,Godot/three_d/rules/run.gd:261-262,rejected,no,tool.inactive,Godot/three_d/tests/tool_coverage_test.gd::tool.inactive,output/3d/tool-coverage.json,strong,catalogued_strong,player_reachable=no：复核过一条候选路径（出局后背包残留镜片）——extract:237 与 abandon:489 都清空背包，故 active=false 时 UI 不会列出工具动作；[汇总订正] evidence_report output/3d/tool_coverage.json → output/3d/tool-coverage.json（报告名用连字符而非下划线）
run,Godot/three_d/rules/run.gd,service_action,315,道具与动作不匹配（service_reason:263-264）,Godot/three_d/rules/run.gd:263-264,rejected,no,service.mismatch,Godot/three_d/tests/service_coverage_test.gd::service.mismatch,output/3d/service-coverage.json,strong,catalogued_strong,player_reachable=no：world.gd:382 用固定映射生成 kind/id 对，UI 不可能送出不匹配组合
run,Godot/three_d/rules/run.gd,service_action,315,拒绝（tool）：道具与动作不匹配,Godot/three_d/rules/run.gd:263-264,rejected,no,tool.mismatch,Godot/three_d/tests/tool_coverage_test.gd::tool.mismatch,output/3d/tool-coverage.json,strong,catalogued_strong,UI 用固定映射（world.gd:382）
run,Godot/three_d/rules/run.gd,service_action,315,拒绝（tool）：没有进行中的牌桌,Godot/three_d/rules/run.gd:266-267,rejected,no,tool.no_table,Godot/three_d/tests/tool_coverage_test.gd::tool.no_table,output/3d/tool-coverage.json,strong,catalogued_strong,状态高度可达（在酒馆行走时按 B 打开背包，镜片动作带 reason）→ 守卫被求值；但 services_hud.gd:52 禁用按钮，故 service_action 不被调用
run,Godot/three_d/rules/run.gd,service_action,315,拒绝（tool）：牌桌已结束或处于手牌间歇（status!=playing）,Godot/three_d/rules/run.gd:266-267,rejected,no,tool.finished,Godot/three_d/tests/tool_coverage_test.gd::tool.finished,output/3d/tool-coverage.json,strong,catalogued_strong,与 tool.no_table 同源同行同文案（table==null or status!=playing 由 or 合并）→ 合并理由记录于此。状态可达（手牌间歇 status==hand_over 时可开背包），按钮禁用
run,Godot/three_d/rules/run.gd,service_action,315,拒绝（tool）：背包中没有此道具,Godot/three_d/rules/run.gd:268-269,rejected,no,tool.unowned,Godot/three_d/tests/tool_coverage_test.gd::tool.unowned,output/3d/tool-coverage.json,strong,catalogued_strong,player_reachable=no：动作只对持有的道具生成；且 world.service_action:913-919 二次校验 offered，陈旧按钮也会被 world 先拒（world.services_action_unoffered）
run,Godot/three_d/rules/run.gd,service_action,315,拒绝（tool）：本桌已用过,Godot/three_d/rules/run.gd:270-271,rejected,no,tool.used,Godot/three_d/tests/tool_coverage_test.gd::tool.used,output/3d/tool-coverage.json,strong,catalogued_strong,player_reachable=no：成功使用后 inventory.erase（356-357），道具从列表消失，无法再点
run,Godot/three_d/rules/run.gd,service_action,315,拒绝（tool）：公共牌已全揭晓（street==river）,Godot/three_d/rules/run.gd:272-273,rejected,no,tool.river,Godot/three_d/tests/tool_coverage_test.gd::tool.river,output/3d/tool-coverage.json,strong,catalogued_strong,状态可达（河牌圈按 B 开背包），按钮禁用
run,Godot/three_d/rules/run.gd,service_action,315,拒绝（tool）：不在翻牌前,Godot/three_d/rules/run.gd:274-275,rejected,no,tool.after_preflop,Godot/three_d/tests/tool_coverage_test.gd::tool.after_preflop,output/3d/tool-coverage.json,strong,catalogued_strong,与 after_action / other_actor 共享同一行（street!=preflop or turnCounter>0 or currentActorId!=player 三合一的 or 守卫），源码层面三者不可区分 → 合并理由记录于此
run,Godot/three_d/rules/run.gd,service_action,315,拒绝（tool）：本手已有行动（turnCounter>0）,Godot/three_d/rules/run.gd:274-275,rejected,no,tool.after_action,Godot/three_d/tests/tool_coverage_test.gd::tool.after_action,output/3d/tool-coverage.json,strong,catalogued_strong,同上（同源同行同文案）
run,Godot/three_d/rules/run.gd,service_action,315,拒绝（tool）：当前行动者不是玩家,Godot/three_d/rules/run.gd:274-275,rejected,no,tool.other_actor,Godot/three_d/tests/tool_coverage_test.gd::tool.other_actor,output/3d/tool-coverage.json,strong,catalogued_strong,同上（同源同行同文案）
run,Godot/three_d/rules/run.gd,service_action,315,牌桌进行中不能做离桌服务（service_reason:277-278）,Godot/three_d/rules/run.gd:277-278,rejected,no,service.table_active,Godot/three_d/tests/service_coverage_test.gd::service.table_active,output/3d/service-coverage.json,strong,catalogued_strong,状态确实可达（落座时按 B 打开背包、其中的“使用镇定酒”属于本分支），但 services_hud.gd:52 会禁用该按钮 → 守卫被求值、service_action 不被调用。buy/sell/cool/intel 在 table!=null 时根本不上架（world.gd:373-379）
run,Godot/three_d/rules/run.gd,service_action,315,行动力已用完（service_reason:279-280）,Godot/three_d/rules/run.gd:279-280,rejected,no,service.no_actions,Godot/three_d/tests/service_coverage_test.gd::service.no_actions,output/3d/service-coverage.json,strong,catalogued_strong,同 table_active：状态可达、按钮被禁用
run,Godot/three_d/rules/run.gd,service_action,315,本轮未上架（service_reason:282-283）,Godot/three_d/rules/run.gd:282-283,rejected,no,service.not_stocked,Godot/three_d/tests/service_coverage_test.gd::service.not_stocked,output/3d/service-coverage.json,strong,catalogued_strong,player_reachable=no：货架实体每次 travel 都按 shop_stock() 重建（bar_display.gd:18-37 + world.gd:552），且 world.service_action:918-919 还要求动作仍在 offered 列表中
run,Godot/three_d/rules/run.gd,service_action,315,现金不足买入（service_reason:284-285）,Godot/three_d/rules/run.gd:284-285,rejected,no,service.buy_cash,Godot/three_d/tests/service_coverage_test.gd::service.buy_cash,output/3d/service-coverage.json,strong,catalogued_strong,同 not_stocked：按钮禁用
run,Godot/three_d/rules/run.gd,service_action,315,背包已满（service_reason:286-287）,Godot/three_d/rules/run.gd:286-287,rejected,no,service.full_bag,Godot/three_d/tests/service_coverage_test.gd::service.full_bag,output/3d/service-coverage.json,strong,catalogued_strong,同 not_stocked：按钮禁用
run,Godot/three_d/rules/run.gd,service_action,315,卖出未持有物（service_reason:288-290）,Godot/three_d/rules/run.gd:288-290,rejected,no,service.sell_unowned,Godot/three_d/tests/service_coverage_test.gd::service.sell_unowned,output/3d/service-coverage.json,strong,catalogued_strong,player_reachable=no：sell 动作只对 inventory 中物品生成（world.gd:380-385）
run,Godot/three_d/rules/run.gd,service_action,315,本轮已降过风声（service_reason:292-293 前半）,Godot/three_d/rules/run.gd:292-293,rejected,no,service.cool_used,Godot/three_d/tests/service_coverage_test.gd::service.cool_used,output/3d/service-coverage.json,strong,catalogued_strong,与 service.cool_unneeded 同源同行同文案（heat_reduced 与 heat<=0 由 or 合并），源码层面不可区分；测试也只校验了同一条 reason 字符串。合并理由记录于此。player_reachable=no：按钮禁用
run,Godot/three_d/rules/run.gd,service_action,315,无需降风声（service_reason:292-293 后半）,Godot/three_d/rules/run.gd:292-293,rejected,no,service.cool_unneeded,Godot/three_d/tests/service_coverage_test.gd::service.cool_unneeded,output/3d/service-coverage.json,strong,catalogued_strong,同上；两个 ID 的差异完全来自夹具输入（heat_reduced=true vs heat=0）
run,Godot/three_d/rules/run.gd,service_action,315,背包中没有镇定酒（service_reason:294-295）,Godot/three_d/rules/run.gd:294-295,rejected,no,service.drink_unowned,Godot/three_d/tests/service_coverage_test.gd::service.drink_unowned,output/3d/service-coverage.json,strong,catalogued_strong,player_reachable=no：drink 动作只在持有镇定酒时生成（world.gd:381-383）
run,Godot/three_d/rules/run.gd,service_action,315,现金不足降温（service_reason:296-297）,Godot/three_d/rules/run.gd:296-297,rejected,no,service.cool_cash,Godot/three_d/tests/service_coverage_test.gd::service.cool_cash,output/3d/service-coverage.json,strong,catalogued_strong,同 not_stocked：按钮禁用
run,Godot/three_d/rules/run.gd,service_action,315,情报已知（service_reason:299-300 前半）,Godot/three_d/rules/run.gd:299-300,rejected,no,service.intel_known,Godot/three_d/tests/service_coverage_test.gd::service.intel_known,output/3d/service-coverage.json,strong,catalogued_strong,与 service.intel_unknown 同源同行同文案（has(item_id) 与 in known_rules 由 or 合并）。player_reachable=no：按钮禁用
run,Godot/three_d/rules/run.gd,service_action,315,牌桌未开放（service_reason:299-300 后半）,Godot/three_d/rules/run.gd:299-300,rejected,no,service.intel_unknown,Godot/three_d/tests/service_coverage_test.gd::service.intel_unknown,output/3d/service-coverage.json,strong,catalogued_strong,同上；UI 只对 content.tables 的键生成 intel 动作（world.gd:378-379）
run,Godot/three_d/rules/run.gd,service_action,315,未知操作种类（service_reason:301-302）,Godot/three_d/rules/run.gd:301-302,rejected,no,service.unknown_action,Godot/three_d/tests/service_coverage_test.gd::service.unknown_action,output/3d/service-coverage.json,strong,catalogued_strong,player_reachable=no：service_view 只会产出已登记 kind
run,Godot/three_d/rules/run.gd,service_action（通用 revision 守卫，先于 Advanced.apply 分派；run.gd:322-325）,315,拒绝守卫：expected_revision != revision → 直接 return false（不进入 Advanced 分派）,Godot/three_d/rules/run.gd:315-317,rejected,no,advanced.stale_revision,Godot/three_d/tests/advanced_coverage_test.gd::stale_revision,output/3d/advanced-coverage.json,strong,catalogued_strong,目录声明 source=advanced_services.gd 有误：该拒绝由 run.gd::service_action 的通用守卫产生（与 tool.stale_revision 同一分支）。服务面板为模态（world.gd:909 + services_hud 禁用按钮）期间无人推进 revision → 玩家不可达
run,Godot/three_d/rules/run.gd,service_action（通用 revision 守卫）,315,拒绝守卫：expected_revision != revision → return false,Godot/three_d/rules/run.gd:315-317,rejected,no,reservation.stale_revision,Godot/three_d/tests/reservation_coverage_test.gd::stale_revision,output/3d/reservation-coverage.json,strong,catalogued_strong,目录声明 source=advanced_services.gd 有误：实际由 run.gd::service_action 产生。与 advanced.stale_revision / tool.stale_revision 同一分支；模态期间 revision 不变 → 玩家不可达
run,Godot/three_d/rules/run.gd,service_action,315,旧 revision 拒绝,Godot/three_d/rules/run.gd:316-317,rejected,no,service.stale_revision,Godot/three_d/tests/service_coverage_test.gd::service.stale_revision,output/3d/service-coverage.json,strong,catalogued_strong,revision 来自渲染时快照（services_hud.gd:54 用 view.revision），服务面板存续期间未见可前移 revision 的玩家路径 → 仅测试可达；残余不确定性见 notes
run,Godot/three_d/rules/run.gd,service_action,315,拒绝（search）：旧 revision,Godot/three_d/rules/run.gd:316-317,rejected,no,search.stale_revision,Godot/three_d/tests/search_coverage_test.gd::search.stale_revision,output/3d/search-coverage.json,strong,catalogued_strong,本行的守卫在 run.gd（不在 search_events.gd），故与其它 SearchEvents 理由分开列
run,Godot/three_d/rules/run.gd,service_action,315,拒绝（tool）：旧 revision,Godot/three_d/rules/run.gd:316-317,rejected,no,tool.stale_revision,Godot/three_d/tests/tool_coverage_test.gd::tool.stale_revision,output/3d/tool-coverage.json,strong,catalogued_strong,同面板模态论证
run,Godot/three_d/rules/run.gd,service_action,315,接受（search）：遗落外套拿银打火机,Godot/three_d/rules/run.gd:318-321,accepted,yes,search.goods,Godot/three_d/tests/search_coverage_test.gd::search.goods,output/3d/search-coverage.json,strong,catalogued_strong,选择语义位于 search_events.gd:4（cargo 的 goods: item+heat1）；本行只承担 run.gd 侧守卫与 apply/revision。断言完整 checkpoint 期望值（含 search_results 记录）
run,Godot/three_d/rules/run.gd,service_action,315,接受（search）：抄下接应/码头线索,Godot/three_d/rules/run.gd:318-321,accepted,yes,search.route,Godot/three_d/tests/search_coverage_test.gd::search.route,output/3d/search-coverage.json,strong,catalogued_strong,search_events.gd:7 route=service-stairs；若站点被换对（embers 上的 cargo 事件）则改写为 river-launch（search_events.gd:15-17）
run,Godot/three_d/rules/run.gd,service_action,315,接受（search）：代送封口信换现金,Godot/three_d/rules/run.gd:318-321,accepted,yes,search.cash,Godot/three_d/tests/search_coverage_test.gd::search.cash,output/3d/search-coverage.json,strong,catalogued_strong,search_events.gd:5 cash+25 heat+1
run,Godot/three_d/rules/run.gd,service_action,315,接受（search）：付费买情报,Godot/three_d/rules/run.gd:318-321,accepted,yes,search.paid_intel,Godot/three_d/tests/search_coverage_test.gd::search.paid_intel,output/3d/search-coverage.json,strong,catalogued_strong,search_events.gd:5 intel=mirror-hall cost15 → full_intel+known_rules
run,Godot/three_d/rules/run.gd,service_action,315,接受（search）：免费查看情报,Godot/three_d/rules/run.gd:318-321,accepted,yes,search.free_intel,Godot/three_d/tests/search_coverage_test.gd::search.free_intel,output/3d/search-coverage.json,strong,catalogued_strong,search_events.gd:6 intel=embers-table 无 cost
run,Godot/three_d/rules/run.gd,service_action,315,接受（search）：付钱拖延巡查,Godot/three_d/rules/run.gd:318-321,accepted,yes,search.cool,Godot/three_d/tests/search_coverage_test.gd::search.cool,output/3d/search-coverage.json,strong,catalogued_strong,search_events.gd:7 cost30 cool=true → cash-30 heat-1 heat_reduced
run,Godot/three_d/rules/run.gd,service_action,315,分发：kind in Advanced.KINDS（signal/notes/phone-route/phone-table/pass/reserve）,Godot/three_d/rules/run.gd:322-325,mutually_exclusive,yes,-,Godot/three_d/tests/advanced_coverage_test.gd,-,none,unreachable_or_not_transition,纯委托：本行只做 revision 守卫并转发 Advanced.apply + revision+1；独立语义（26 条 advanced.*）登记在 advanced_services.gd 名下，本审计不重复认领，故不计入未映射候选。互斥性：kind 一次只能属于一类
run,Godot/three_d/rules/run.gd,service_action,315,接受：买入,Godot/three_d/rules/run.gd:326-329,accepted,yes,service.buy,Godot/three_d/tests/service_coverage_test.gd::service.buy,output/3d/service-coverage.json,strong,catalogued_strong,断言完整 checkpoint 等于“before + cash-30 + inventory 追加 + AP-1 + revision+1 + service_message 非空”，并另在 run_variants_test.gd:27-29 断言上架外工具不可买
run,Godot/three_d/rules/run.gd,service_action,315,接受：卖出（可含贵重物按 value 计价）,Godot/three_d/rules/run.gd:330-333,accepted,yes,service.sell,Godot/three_d/tests/service_coverage_test.gd::service.sell,output/3d/service-coverage.json,strong,catalogued_strong,测试另对全部 10 个 kind==valuable 的物品逐一断言 cash+value、移除物品、AP-1、revision+1、财富守恒（service_coverage_test.gd:48-67）。观察：这 10 个变体被折叠进单一 service.sell，与 settlement.* 拆 10 条奖励 ID 的口径不一致（详见 notes）
run,Godot/three_d/rules/run.gd,service_action,315,接受：喝镇定酒降温,Godot/three_d/rules/run.gd:334-341,accepted,yes,service.drink,Godot/three_d/tests/service_coverage_test.gd::service.drink,output/3d/service-coverage.json,strong,catalogued_strong,断言 inventory.erase(steadying-drink)、heat-1、heat_reduced=true、完整 checkpoint 一致
run,Godot/three_d/rules/run.gd,service_action,315,接受：付费降温,Godot/three_d/rules/run.gd:334-341,accepted,yes,service.cool,Godot/three_d/tests/service_coverage_test.gd::service.cool,output/3d/service-coverage.json,strong,catalogued_strong,断言 cash-cost、heat-1、heat_reduced=true；与 service.drink 共享 334-341，分支在 335-338
run,Godot/three_d/rules/run.gd,service_action,315,接受：调查牌桌规则,Godot/three_d/rules/run.gd:342-344,accepted,yes,service.intel,Godot/three_d/tests/service_coverage_test.gd::service.intel,output/3d/service-coverage.json,strong,catalogued_strong,断言 known_rules 追加、AP-1、revision+1
run,Godot/three_d/rules/run.gd,service_action,315,接受（tool）：标记镜片看下一张公共牌,Godot/three_d/rules/run.gd:345-348,accepted,yes,tool.lens,Godot/three_d/tests/tool_coverage_test.gd::tool.lens,output/3d/tool-coverage.json,strong,catalogued_strong,"断言 preview==deck.back()、preview_hand==handNumber、牌堆与底牌不变、inventory 移除、used_tools 追加、AP 不变、revision+1、table.revision+1、heat==mini(6,before+item.heat)"
run,Godot/three_d/rules/run.gd,service_action,315,接受（tool）：袖口夹换第二张手牌,Godot/three_d/rules/run.gd:349-355,accepted,yes,tool.sleeve,Godot/three_d/tests/tool_coverage_test.gd::tool.sleeve,output/3d/tool-coverage.json,strong,catalogued_strong,断言新 holeCards[1]==deck.pop_at(size-1) 且牌堆相应变化
run,Godot/three_d/rules/run.gd,service_action,315,接受（tool）：保留已记录的顶牌（先镜片后袖口）,Godot/three_d/rules/run.gd:350-354,accepted,yes,tool.preserve_preview,Godot/three_d/tests/tool_coverage_test.gd::tool.preserve_preview,output/3d/tool-coverage.json,strong,catalogued_strong,当 preview 与 deck 顶一致且 preview_hand==handNumber 时 index 前移一张，袖口夹取次顶牌以免顶牌被吞；测试断言 deck 与 holeCards 的精确变化
run,Godot/three_d/rules/run.gd,service_action,315,互斥尾段：工具类另加 table.revision+1 / 其它类扣 1 行动力,Godot/three_d/rules/run.gd:356-362,mutually_exclusive,yes,-,Godot/three_d/tests/service_coverage_test.gd::service.buy,-,none,unreachable_or_not_transition,同一 kind 只会走一侧（lens/sleeve 走 356-360 且不扣行动力，其余走 361-362），不构成新的语义结果，已并入各自接受行。tool_coverage_test.gd:41 断言了工具路径不消耗行动力
run,Godot/three_d/rules/run.gd,service_action,315,"接受（tool）：风声钳位 mini(6,...)",Godot/three_d/rules/run.gd:359,accepted,yes,tool.heat_cap,Godot/three_d/tests/tool_coverage_test.gd::tool.heat_cap,output/3d/tool-coverage.json,strong,catalogued_strong,含 content.items[id].heat 与 tableDef.tableToolHeatBonus 两项加值后的钳位；ledger-cellar 配 tableToolHeatBonus=1，故同一工具在不同桌加值不同
run,Godot/three_d/rules/run.gd,abandon,481,未出发（abandon_quote 理由）,Godot/three_d/rules/run.gd:477-479,rejected,no,abandon.inactive,Godot/three_d/tests/lifecycle_coverage_test.gd::abandon.inactive,output/3d/lifecycle-coverage.json,strong,catalogued_strong,player_reachable=no：forfeit_button 只在 run_game.active 时可见（world.gd:815），且确认按钮在 reason 非空时被禁用
run,Godot/three_d/rules/run.gd,abandon,481,牌桌未结算（abandon_quote 理由）,Godot/three_d/rules/run.gd:477-479,rejected,no,abandon.table_active,Godot/three_d/tests/lifecycle_coverage_test.gd::abandon.table_active,output/3d/lifecycle-coverage.json,strong,catalogued_strong,player_reachable=no：forfeit_button 要求 run_game.table == null（world.gd:815）
run,Godot/three_d/rules/run.gd,abandon,481,"接受成立且带夹层钱包 → 保留 min(80,cash)",Godot/three_d/rules/run.gd:477-479,accepted,yes,abandon.wallet,Godot/three_d/tests/lifecycle_coverage_test.gd::abandon.wallet,output/3d/lifecycle-coverage.json,strong,catalogued_strong,"分辨分支在 abandon_quote:478（false-bottom-wallet 在背包则 salvaged=min(80,cash)），apply 段与 abandon.success 共享 485-491。断言 vault+80、last_result.net==80"
run,Godot/three_d/rules/run.gd,abandon,481,旧 revision 拒绝,Godot/three_d/rules/run.gd:483-484,rejected,no,abandon.stale,Godot/three_d/tests/lifecycle_coverage_test.gd::abandon.stale,output/3d/lifecycle-coverage.json,strong,catalogued_strong,同面板模态论证
run,Godot/three_d/rules/run.gd,abandon,481,接受成立（vault+=salvaged + cash=0 + 清背包 + revision+1）,Godot/three_d/rules/run.gd:485-491,accepted,yes,abandon.success,Godot/three_d/tests/lifecycle_coverage_test.gd::abandon.success,output/3d/lifecycle-coverage.json,strong,catalogued_strong,断言 vault==before+0、cash==0、inventory 清空、not active、last_result.net==0、last_result.valuables==象牙筹码价值；journey 记录 transfer_log
run,Godot/three_d/rules/run.gd,enforce_pressure,512,未出发,Godot/three_d/rules/run.gd:513-514,rejected,no,pressure.inactive,Godot/three_d/tests/lifecycle_coverage_test.gd::pressure.inactive,output/3d/lifecycle-coverage.json,strong,catalogued_strong,player_reachable=no：两个调用点（world.gd:584 离座、world.gd:945 服务动作之后）都发生在 active 为真的语境
run,Godot/three_d/rules/run.gd,enforce_pressure,512,牌桌进行中 → 不强制,Godot/three_d/rules/run.gd:513-514,rejected,yes,pressure.table_active,Godot/three_d/tests/lifecycle_coverage_test.gd::pressure.table_active,output/3d/lifecycle-coverage.json,strong,catalogued_strong,真实可达：落座用镜片/袖口/打火机/笔记后 world.gd:945 调 check_pressure，table!=null 使本守卫成立（与 heat 无关）。断言完整 checkpoint 不变
run,Godot/three_d/rules/run.gd,enforce_pressure,512,风声未达 6 → 不强制,Godot/three_d/rules/run.gd:513-514,rejected,yes,pressure.below_limit,Godot/three_d/tests/lifecycle_coverage_test.gd::pressure.below_limit,output/3d/lifecycle-coverage.json,strong,catalogued_strong,真实可达：每次离座都经 world.gd:584 调用本函数。断言完整 checkpoint 不变
run,Godot/three_d/rules/run.gd,enforce_pressure,512,挑净收益最大的可用路线强制撤离,Godot/three_d/rules/run.gd:515-525,accepted,yes,pressure.extract,Godot/three_d/tests/lifecycle_coverage_test.gd::pressure.extract,output/3d/lifecycle-coverage.json,strong,catalogued_strong,断言 not active、cash==0、vault==before+170、last_result.forced、net==170（夹具下只有 dropbag-cash 可用）。路线挑选属 routes.gd 口径，见 undetermined
run,Godot/three_d/rules/run.gd,enforce_pressure,512,无可撤离路线 → 强制放弃,Godot/three_d/rules/run.gd:522-523,accepted,yes,pressure.abandon,Godot/three_d/tests/lifecycle_coverage_test.gd::pressure.abandon,output/3d/lifecycle-coverage.json,strong,catalogued_strong,断言 not active、cash==0、vault==before+0、last_result.forced、last_result.net==0。互斥性：与 pressure.extract 由 best_route.is_empty() 二分
run_checkpoint,Godot/three_d/rules/run_checkpoint.gd,capture（快照构造，由 world.gd:948 调用）,6,接受：快照全部 33 个 FIELDS + table=,Godot/three_d/rules/run_checkpoint.gd:7-12,accepted,yes,persistence_capture.run_fields_complete,Godot/three_d/tests/persistence_capture_coverage_test.gd::persistence_capture.run_fields_complete,output/3d/persistence-capture-coverage.json,strong,catalogued_strong,非权威状态变更（只读构造快照）；强证据断言字段集合与逐字段值相等（persistence_capture_coverage_test.gd:32-36）。table==null 时写 {}（L11 分支）
run_checkpoint,Godot/three_d/rules/run_checkpoint.gd,capture（快照构造，由 world.gd:948 调用）,6,接受：深拷贝隔离（values.duplicate(true) + TableCheckpoint.capture）,Godot/three_d/rules/run_checkpoint.gd:10-11,accepted,yes,persistence_capture.run_snapshot_isolated,Godot/three_d/tests/persistence_capture_coverage_test.gd::persistence_capture.run_snapshot_isolated,output/3d/persistence-capture-coverage.json,strong,catalogued_strong,强断言：改动快照的嵌套 dict 不影响 live run（persistence_capture_coverage_test.gd:38-44）
run_checkpoint,Godot/three_d/rules/run_checkpoint.gd,table_definitions_compatible,14,排除：纯比较 helper（擦除 8 个内容字段后比较两份表定义）,Godot/three_d/rules/run_checkpoint.gd:14-20,accepted,yes,-,Godot/three_d/tests/run_restore_bounds_test.gd::active_table_definition_migrated,-,none,unreachable_or_not_transition,无副作用，仅被 restore:131 调用；不单独构成状态转移
run_checkpoint,Godot/three_d/rules/run_checkpoint.gd,restore（世界启动/加载时由 world.gd:1006 调用）,22,接受：缺失的 14 个可选字段填充默认（legacy 前向迁移）,Godot/three_d/rules/run_checkpoint.gd:25-27,accepted,yes,persistence_restore.legacy_run_fields,Godot/three_d/tests/world_restore_atomic_test.gd::legacy_run_fields,output/3d/persistence-restore-coverage.json,strong,catalogued_strong,old save 可达（load_checkpoint 路径）。强断言逐字段等于新 Run 默认值，且后续 service_action 仍可用（world_restore_atomic_test.gd:117-143）
run_checkpoint,Godot/three_d/rules/run_checkpoint.gd,restore（世界启动/加载时由 world.gd:1006 调用）,22,拒绝：必有字段缺失 或 typeof 不符 → null,Godot/three_d/rules/run_checkpoint.gd:28-30,rejected,no,persistence_run.invalid_fields_rejected,Godot/three_d/tests/run_restore_bounds_test.gd::invalid_fields_rejected,output/3d/persistence-run-coverage.json,strong,catalogued_strong,强断言 restore==null 且输入与 live run 均不变（run_restore_bounds_test.gd:54-62）
run_checkpoint,Godot/three_d/rules/run_checkpoint.gd,restore（世界启动/加载时由 world.gd:1006 调用）,22,接受：active 且 venue_history 为空 → 规范化填 [scene_id],Godot/three_d/rules/run_checkpoint.gd:31-32,accepted,yes,persistence_restore.legacy_run_fields,Godot/three_d/tests/world_restore_atomic_test.gd::legacy_run_fields,output/3d/persistence-restore-coverage.json,strong,catalogued_strong,测试显式期望此默认（world_restore_atomic_test.gd:126-128）；venue_transfer_test.gd:101-103 亦复核
run_checkpoint,Godot/three_d/rules/run_checkpoint.gd,restore（世界启动/加载时由 world.gd:1006 调用）,22,拒绝：vault<0 / cash<0 / heat<0 / heat>6 / table 非 Dictionary,Godot/three_d/rules/run_checkpoint.gd:33-34,rejected,no,persistence_run.invalid_fields_rejected,-,-,weak,catalogued_weak,该目录 ID 由批量断言笼统覆盖，但 run_restore_bounds_test.gd 的用例集不含 vault<0/cash<0/heat 越界，本行无专门命中 → 证据强度 weak
run_checkpoint,Godot/three_d/rules/run_checkpoint.gd,restore（世界启动/加载时由 world.gd:1006 调用）,22,拒绝：bankroll<0 / revision<0 / search_index<1,Godot/three_d/rules/run_checkpoint.gd:35-36,rejected,no,persistence_run.invalid_fields_rejected,Godot/three_d/tests/run_restore_bounds_test.gd::invalid_fields_rejected,output/3d/persistence-run-coverage.json,strong,catalogued_strong,专门用例 negative_bankroll / negative_revision / zero_search
run_checkpoint,Godot/three_d/rules/run_checkpoint.gd,restore（世界启动/加载时由 world.gd:1006 调用）,22,"拒绝：action_points 不在 [0, content.searchActions]",Godot/three_d/rules/run_checkpoint.gd:37-38,rejected,no,persistence_run.invalid_fields_rejected,Godot/three_d/tests/run_restore_bounds_test.gd::invalid_fields_rejected,output/3d/persistence-run-coverage.json,strong,catalogued_strong,专门用例 negative_actions / excess_actions
run_checkpoint,Godot/three_d/rules/run_checkpoint.gd,restore（世界启动/加载时由 world.gd:1006 调用）,22,拒绝：preview_hand<0,Godot/three_d/rules/run_checkpoint.gd:39-40,rejected,no,persistence_run.invalid_fields_rejected,Godot/three_d/tests/run_restore_bounds_test.gd::invalid_fields_rejected,output/3d/persistence-run-coverage.json,strong,catalogued_strong,专门用例 preview_hand_negative
run_checkpoint,Godot/three_d/rules/run_checkpoint.gd,restore（世界启动/加载时由 world.gd:1006 调用）,22,拒绝：preview 非空但 rank/suit/preview_hand 非法,Godot/three_d/rules/run_checkpoint.gd:41-43,rejected,no,persistence_run.invalid_fields_rejected,Godot/three_d/tests/run_restore_bounds_test.gd::invalid_fields_rejected,output/3d/persistence-run-coverage.json,strong,catalogued_strong,专门用例 preview_rank / preview_suit / preview_missing
run_checkpoint,Godot/three_d/rules/run_checkpoint.gd,restore（世界启动/加载时由 world.gd:1006 调用）,22,拒绝：known_rules 元素非 String 或非合法牌桌,Godot/three_d/rules/run_checkpoint.gd:44-45,rejected,no,persistence_run.invalid_fields_rejected,Godot/three_d/tests/run_restore_bounds_test.gd::invalid_fields_rejected,output/3d/persistence-run-coverage.json,strong,catalogued_strong,专门用例 unknown_rule / typed_rule
run_checkpoint,Godot/three_d/rules/run_checkpoint.gd,restore（世界启动/加载时由 world.gd:1006 调用）,22,拒绝：used_tools 元素非 String 或非合法物品,Godot/three_d/rules/run_checkpoint.gd:46-47,rejected,no,persistence_run.invalid_fields_rejected,Godot/three_d/tests/run_restore_bounds_test.gd::invalid_fields_rejected,output/3d/persistence-run-coverage.json,strong,catalogued_strong,专门用例 unknown_tool / typed_tool
run_checkpoint,Godot/three_d/rules/run_checkpoint.gd,restore（世界启动/加载时由 world.gd:1006 调用）,22,拒绝：full_intel 键非合法牌桌 或 值非 bool,Godot/three_d/rules/run_checkpoint.gd:48-49,rejected,no,persistence_run.invalid_fields_rejected,Godot/three_d/tests/run_restore_bounds_test.gd::invalid_fields_rejected,output/3d/persistence-run-coverage.json,strong,catalogued_strong,专门用例 intel_unknown / intel_key_type / intel_value_type
run_checkpoint,Godot/three_d/rules/run_checkpoint.gd,restore（世界启动/加载时由 world.gd:1006 调用）,22,拒绝：opponent_notes 键非合法对手 / 值非 String / archetype 不在 content,Godot/three_d/rules/run_checkpoint.gd:50-52,rejected,no,persistence_run.invalid_fields_rejected,Godot/three_d/tests/run_restore_bounds_test.gd::invalid_fields_rejected,output/3d/persistence-run-coverage.json,strong,catalogued_strong,专门用例 note_unknown / note_value_type / note_archetype
run_checkpoint,Godot/three_d/rules/run_checkpoint.gd,restore（世界启动/加载时由 world.gd:1006 调用）,22,"拒绝：route_flags 键不在 [fixed,service-stairs,river-launch] 或值非 bool",Godot/three_d/rules/run_checkpoint.gd:53-54,rejected,no,persistence_run.invalid_fields_rejected,Godot/three_d/tests/run_restore_bounds_test.gd::invalid_fields_rejected,output/3d/persistence-run-coverage.json,strong,catalogued_strong,专门用例 route_unknown / route_type
run_checkpoint,Godot/three_d/rules/run_checkpoint.gd,restore（世界启动/加载时由 world.gd:1006 调用）,22,拒绝：search_results 的 site/event/choice/message 非法,Godot/three_d/rules/run_checkpoint.gd:55-61,rejected,no,persistence_run.invalid_fields_rejected,Godot/three_d/tests/run_restore_bounds_test.gd::invalid_fields_rejected,output/3d/persistence-run-coverage.json,strong,catalogued_strong,专门用例 search_unknown / search_type / search_event / search_choice / search_message
run_checkpoint,Godot/three_d/rules/run_checkpoint.gd,restore（世界启动/加载时由 world.gd:1006 调用）,22,接受：search_results 缺 event 键 → 回填 site 作为事件身份,Godot/three_d/rules/run_checkpoint.gd:62-63,accepted,yes,persistence_run.legacy_search_event_restored,Godot/three_d/tests/run_restore_bounds_test.gd::legacy_search_event_restored,output/3d/persistence-run-coverage.json,strong,catalogued_strong,强断言真实 v1 磁盘信封加载后 search_results 被回填且全状态守恒（run_restore_bounds_test.gd:121-152）；event_pool_test.gd:42-50 复核
run_checkpoint,Godot/three_d/rules/run_checkpoint.gd,restore（世界启动/加载时由 world.gd:1006 调用）,22,拒绝：last_table_result.table 非合法牌桌 或 net 非有限整数值,Godot/three_d/rules/run_checkpoint.gd:64-69,rejected,no,persistence_run.invalid_fields_rejected,Godot/three_d/tests/run_restore_bounds_test.gd::invalid_fields_rejected,output/3d/persistence-run-coverage.json,strong,catalogued_strong,专门用例 summary_missing / summary_unknown / summary_net
run_checkpoint,Godot/three_d/rules/run_checkpoint.gd,restore（世界启动/加载时由 world.gd:1006 调用）,22,拒绝：scene_id 不在 content.scenes,Godot/three_d/rules/run_checkpoint.gd:70-71,rejected,no,persistence_run.invalid_fields_rejected,-,-,weak,catalogued_weak,无专门用例命中本行（run_restore_bounds 用例集不含未知 scene_id）
run_checkpoint,Godot/three_d/rules/run_checkpoint.gd,restore（世界启动/加载时由 world.gd:1006 调用）,22,拒绝：reservation 非空但 id/唯一 offer/数值字段/maxHeat/expiresAfterSearch/reserveCost·finalCost·maxHeat 与 offer 不一致,Godot/three_d/rules/run_checkpoint.gd:72-87,rejected,no,persistence_run.reservation_offer_consistent,Godot/three_d/tests/run_restore_bounds_test.gd::reservation_offer_consistent,output/3d/persistence-run-coverage.json,strong,catalogued_strong,run_restore_bounds_test.gd:70-81 对 reserveCost/finalCost/maxHeat/id 四路断言 restore==null；reservation_restore_test.gd:21-31 再逐字段 + 缺键 + 0.5/NAN/INF/字符串数值复核
run_checkpoint,Godot/three_d/rules/run_checkpoint.gd,restore（世界启动/加载时由 world.gd:1006 调用）,22,接受：reservation 合法且与当前 scene 的 fixedRoutes 唯一匹配,Godot/three_d/rules/run_checkpoint.gd:72-87,accepted,yes,persistence_run.reservation_restored,Godot/three_d/tests/run_restore_bounds_test.gd::reservation_restored,output/3d/persistence-run-coverage.json,strong,catalogued_strong,强断言 restore 非空且可从真实 service_action 生成的预约还原
run_checkpoint,Godot/three_d/rules/run_checkpoint.gd,restore（世界启动/加载时由 world.gd:1006 调用）,22,拒绝：variant_plan 非空且 Run.Variants.valid 失败,Godot/three_d/rules/run_checkpoint.gd:88-89,rejected,no,-,Godot/three_d/tests/event_pool_test.gd::Invalid event plan rejected,-,strong,unreachable_or_not_transition,目录无对应 ID。event_pool_test.gd:51-56 对 missing/duplicate/unknown events 三种畸形断言 restore==null（强证据）→ 应为新增 ID 候选 当前树归因：损坏/篡改存档恢复拒绝或底层写盘失败，不计入正常玩家可达缺口；保留为系统防御分支记录。
run_checkpoint,Godot/three_d/rules/run_checkpoint.gd,restore（世界启动/加载时由 world.gd:1006 调用）,22,接受：legacy variant_plan（version 1/2/3）迁移到当前规划结构,Godot/three_d/rules/run_checkpoint.gd:88-89,accepted,yes,persistence_run.legacy_variant_plan_restored,Godot/three_d/tests/run_restore_bounds_test.gd::legacy_variant_plan_restored,output/3d/persistence-run-coverage.json,strong,catalogued_strong,断言 v2 补回历史对手与线性房间、v3 保留对手（run_restore_bounds_test.gd:98-112）
run_checkpoint,Godot/three_d/rules/run_checkpoint.gd,restore（世界启动/加载时由 world.gd:1006 调用）,22,"拒绝：offer_index 不在 [0, fixedRoutes.size())",Godot/three_d/rules/run_checkpoint.gd:90-91,rejected,no,persistence_run.invalid_fields_rejected,-,-,weak,catalogued_weak,无专门用例命中本行
run_checkpoint,Godot/three_d/rules/run_checkpoint.gd,restore（世界启动/加载时由 world.gd:1006 调用）,22,拒绝：completed 含非法牌桌 id 或重复 id,Godot/three_d/rules/run_checkpoint.gd:92-94,rejected,no,-,Godot/three_d/tests/completion_checkpoint_test.gd::Invalid completion cannot count as another table,-,strong,unreachable_or_not_transition,"目录无对应 ID。completion_checkpoint_test.gd:21-25 对 ['cargo-table','cargo-table'] 与 ['cargo-table','unknown-table'] 断言 restore==null 且原 Run 不变（强证据） 当前树归因：损坏/篡改存档恢复拒绝或底层写盘失败，不计入正常玩家可达缺口；保留为系统防御分支记录。"
run_checkpoint,Godot/three_d/rules/run_checkpoint.gd,restore（世界启动/加载时由 world.gd:1006 调用）,22,"拒绝：arrival_completed 不在 [0, completed.size()]",Godot/three_d/rules/run_checkpoint.gd:96,rejected,no,persistence_run.invalid_fields_rejected,-,-,weak,catalogued_weak,无专门用例命中本行
run_checkpoint,Godot/three_d/rules/run_checkpoint.gd,restore（世界启动/加载时由 world.gd:1006 调用）,22,拒绝：venue_history 含非法场景 / 重复 id / back()!=scene_id,Godot/three_d/rules/run_checkpoint.gd:97-101,rejected,no,persistence_run.invalid_fields_rejected,Godot/three_d/tests/venue_transfer_test.gd::Malformed history type rejected safely,-,weak,catalogued_weak,venue_transfer_test.gd:97-99 的 venue_history=12 实际命中的是 28-30 的类型守卫，未直接覆盖本行；back()!=scene_id 与重复 id 无用例
run_checkpoint,Godot/three_d/rules/run_checkpoint.gd,restore（世界启动/加载时由 world.gd:1006 调用）,22,"拒绝：transfer_log.size() != max(0, venue_history.size()-1)",Godot/three_d/rules/run_checkpoint.gd:102,rejected,no,persistence_run.invalid_fields_rejected,-,-,weak,catalogued_weak,无专门用例命中本行
run_checkpoint,Godot/three_d/rules/run_checkpoint.gd,restore（世界启动/加载时由 world.gd:1006 调用）,22,拒绝：transfer_log 跳点非法（from/to 不接续 / fee<15 / after_tables 非严格递增或越界）,Godot/three_d/rules/run_checkpoint.gd:103-109,rejected,no,persistence_run.invalid_fields_rejected,Godot/three_d/tests/venue_transfer_test.gd::Whole journey restores,-,weak,catalogued_weak,仅接受侧被 venue_order_test.gd:101、venue_transfer_test.gd:46-51 覆盖；拒绝侧无专门用例
run_checkpoint,Godot/three_d/rules/run_checkpoint.gd,restore（世界启动/加载时由 world.gd:1006 调用）,22,拒绝：arrival_completed != 末跳 after_tables,Godot/three_d/rules/run_checkpoint.gd:109,rejected,no,persistence_run.invalid_fields_rejected,-,-,weak,catalogued_weak,无专门用例命中本行
run_checkpoint,Godot/three_d/rules/run_checkpoint.gd,restore（世界启动/加载时由 world.gd:1006 调用）,22,拒绝：背包占用（slots）超 inventorySlots,Godot/three_d/rules/run_checkpoint.gd:110-115,rejected,no,persistence_run.invalid_fields_rejected,Godot/three_d/tests/run_restore_bounds_test.gd::invalid_fields_rejected,output/3d/persistence-run-coverage.json,strong,catalogued_strong,专门用例 overfull / weighted_overfull（含贵重物槽位加权）
run_checkpoint,Godot/three_d/rules/run_checkpoint.gd,restore（世界启动/加载时由 world.gd:1006 调用）,22,拒绝：collateral 非合法贵重物 或 table 为空,Godot/three_d/rules/run_checkpoint.gd:116-117,rejected,no,persistence_run.invalid_fields_rejected,-,-,weak,catalogued_weak,无专门用例命中本行；four_tables_test.gd:131 仅覆盖 erase 后的默认化
run_checkpoint,Godot/three_d/rules/run_checkpoint.gd,restore（世界启动/加载时由 world.gd:1006 调用）,22,接受：字段写回（Array 用 assign，其余 set）——状态落地,Godot/three_d/rules/run_checkpoint.gd:118-122,accepted,yes,persistence_run.reservation_restored,Godot/three_d/tests/run_restore_bounds_test.gd::reservation_restored,output/3d/persistence-run-coverage.json,strong,catalogued_strong,非独立 outcome：各 accept ID 的『完整 capture 相等』断言均覆盖本提交步
run_checkpoint,Godot/three_d/rules/run_checkpoint.gd,restore（世界启动/加载时由 world.gd:1006 调用）,22,拒绝：table 非空但 state/tableDef 非 Dictionary 或 tableDef.id 非法,Godot/three_d/rules/run_checkpoint.gd:123-129,rejected,no,-,Godot/three_d/tests/run_restore_bounds_test.gd::Reject forged table definition: unknown_table,-,strong,unreachable_or_not_transition,目录无对应 ID。run_restore_bounds_test.gd:170-176 对 id='unknown' 断言 restore==null 且 live run 不变（强证据） 当前树归因：损坏/篡改存档恢复拒绝或底层写盘失败，不计入正常玩家可达缺口；保留为系统防御分支记录。
run_checkpoint,Godot/three_d/rules/run_checkpoint.gd,restore（世界启动/加载时由 world.gd:1006 调用）,22,拒绝：table_definitions_compatible 失败（买入/手数等非内容字段被篡改）,Godot/three_d/rules/run_checkpoint.gd:131-132,rejected,no,-,Godot/three_d/tests/run_restore_bounds_test.gd::Reject forged table definition: changed_buyin/changed_hands,-,strong,unreachable_or_not_transition,目录无对应 ID。run_restore_bounds_test.gd:170-176 对 buyIn=120 / hands=99 断言 restore==null（强证据） 当前树归因：损坏/篡改存档恢复拒绝或底层写盘失败，不计入正常玩家可达缺口；保留为系统防御分支记录。
run_checkpoint,Godot/three_d/rules/run_checkpoint.gd,restore（世界启动/加载时由 world.gd:1006 调用）,22,接受：活动牌桌定义迁移到当前 content 后交 TableCheckpoint.restore,Godot/three_d/rules/run_checkpoint.gd:133-137,accepted,yes,persistence_run.active_table_definition_migrated,Godot/three_d/tests/run_restore_bounds_test.gd::active_table_definition_migrated,output/3d/persistence-run-coverage.json,strong,catalogued_strong,断言迁移后 tableDef 等于当前定义且 currentActorId/pot/players 保留（run_restore_bounds_test.gd:159-169）
run_checkpoint,Godot/three_d/rules/run_checkpoint.gd,restore（世界启动/加载时由 world.gd:1006 调用）,22,拒绝：TableCheckpoint.restore 返回 null 或还原后 run 非 active,Godot/three_d/rules/run_checkpoint.gd:138-139,rejected,no,-,-,-,none,unreachable_or_not_transition,防御分支：需 table_checkpoint.gd 内部还原失败（他人片）方可触发，未构造出用例；属目录未收录的潜在拒绝路径 当前树归因：损坏/篡改存档恢复拒绝或底层写盘失败，不计入正常玩家可达缺口；保留为系统防御分支记录。
run_variants,Godot/three_d/rules/run_variants.gd,generate,9,货架 5 阶段构建 + 第 2 阶段兜底补一次性手机 + 剔除一件可选工具（ESSENTIALS 永不剔除）,Godot/three_d/rules/run_variants.gd:12-19,phase_condition,yes,-,Godot/three_d/tests/run_variants_test.gd::Unavailable tool cannot be bought or consume resources,output/3d/run-variants.json,strong,unreachable_or_not_transition,纯函数输出，被 shop_stock 消费；不构成独立 Run 状态转移（无 ID 需求）。测试断言同种子可复现、剔除项不可购买、跨阶段还原后货架一致
run_variants,Godot/three_d/rules/run_variants.gd,generate,9,seed!=0 随机化 / seed==0 输出确定性规范 plan（货架不剔除、initial_offer=0、对手取自 content）,Godot/three_d/rules/run_variants.gd:17-18,phase_condition,yes,-,Godot/three_d/tests/run_variants_test.gd::Normal UI departure commits random seed,output/3d/run-variants.json,strong,unreachable_or_not_transition,纯函数取值模式，不是独立结果：两种模式的产物都经 start.success / transfer.success 才成为权威状态。seed==0 的玩家可达性仅来自旧存档（run_checkpoint.gd:26-27 用 run.get 默认值回填 run_seed=0），正式 UI 出发恒传 >=1（world.gd:839）
run_variants,Godot/three_d/rules/run_variants.gd,generate,9,table_seeds 逐桌取 rng（<2147483647）,Godot/three_d/rules/run_variants.gd:20-22,phase_condition,yes,-,Godot/three_d/tests/seed_diversity_test.gd,output/3d/seed-diversity.json,strong,unreachable_or_not_transition,纯函数输出，成为 enter_table 的牌堆种子来源；run_variants_test.gd:59-62 断言真实入口使用已提交种子且重载不重掷
run_variants,Godot/three_d/rules/run_variants.gd,generate,9,events 按 PAIRS 两对各自 50% 交换,Godot/three_d/rules/run_variants.gd:24-28,phase_condition,yes,-,Godot/three_d/tests/event_pool_test.gd::Both independent event pairs generate four layouts,-,strong,unreachable_or_not_transition,纯函数输出，被 SearchEvents.event_id/event_for 消费；event_pool_test.gd 断言 4 种布局存在且每种选择都被正确记录。事件池属 search 层口径
run_variants,Godot/three_d/rules/run_variants.gd,generate,9,opponents 由 PRESSURE_POOL/VALUE_POOL 各洗牌后逐桌配 1+1,Godot/three_d/rules/run_variants.gd:29-35,phase_condition,yes,-,Godot/three_d/tests/opponent_pool_test.gd,-,unknown,unreachable_or_not_transition,纯函数输出。本审计未读 opponent_pool_test.gd 的断言细节（属 opponents 口径），故证据强度记 unknown
run_variants,Godot/three_d/rules/run_variants.gd,generate,9,room_layout 取 fork 当且仅当 seed!=0 且 rng<0.5,Godot/three_d/rules/run_variants.gd:36,phase_condition,yes,-,Godot/three_d/tests/room_pool_test.gd::Two room graphs generated,-,strong,reachable_unmapped,该输出直接改变房间锁拓扑（经 run.gd:147-149）→ 与 enter_table 的两条 fork 候选同源。room_pool_test.gd:15-16 断言 100 个种子产生恰好 2 种图，:26/:29 断言锁关系随图变化。目录无 ID（候选）
run_variants,Godot/three_d/rules/run_variants.gd,valid,38,版本/货架/种子类型与 initial_offer 范围守卫,Godot/three_d/rules/run_variants.gd:39-42,rejected,yes,-,-,-,none,unreachable_or_not_transition,纯谓词，不是 Run/World 状态转移：唯一调用方是 RunCheckpoint.restore（run_checkpoint.gd:88）。其接受/拒绝在目录里由 persistence_run.legacy_variant_plan_restored 与 persistence_run.invalid_fields_rejected 两条覆盖（归 run_checkpoint 审计员），本审计不重复认领
run_variants,Godot/three_d/rules/run_variants.gd,valid,38,每阶段货架非空/无重复/∈允许集/含全部 ESSENTIALS,Godot/three_d/rules/run_variants.gd:43-53,rejected,yes,-,Godot/three_d/tests/run_variants_test.gd::Unknown shelf item rejected,output/3d/run-variants.json,strong,unreachable_or_not_transition,同上归属说明。断言层面是强证据（restore 返回 null）
run_variants,Godot/three_d/rules/run_variants.gd,valid,38,"table_seeds 逐桌 ∈[0,2147483647)",Godot/three_d/rules/run_variants.gd:54-56,rejected,yes,-,Godot/three_d/tests/run_variants_test.gd::Invalid table seed rejected,output/3d/run-variants.json,strong,unreachable_or_not_transition,同上归属说明
run_variants,Godot/three_d/rules/run_variants.gd,valid,38,version>=2 必须带合法 events（v1 允许缺失）,Godot/three_d/rules/run_variants.gd:57-62,rejected,yes,-,Godot/three_d/tests/event_pool_test.gd::Version 1 retains original event placement,-,strong,unreachable_or_not_transition,同上归属说明。此分支决定哪些旧版 plan 能被载入 → 是持久化口径的一部分
run_variants,Godot/three_d/rules/run_variants.gd,valid,38,version>=3 必须带 4 桌各 2 名且互不重复的 opponents,Godot/three_d/rules/run_variants.gd:63-73,rejected,yes,-,-,-,none,unreachable_or_not_transition,同上归属说明；未找到针对该分支的专门断言
run_variants,Godot/three_d/rules/run_variants.gd,valid,38,"version>=4 必须带 room_layout ∈{linear,fork}（v3 缺失视为线性）",Godot/three_d/rules/run_variants.gd:74-77,rejected,yes,-,Godot/three_d/tests/room_pool_test.gd::Version 3 keeps linear rooms,-,strong,unreachable_or_not_transition,同上归属说明。此分支与 room_requirements 的 fork 候选相关但不因果同一（前者是存档合法性、后者是房间锁）
save_store,Godot/three_d/rules/save_store.gd,write_checkpoint,5,"包装：write_checkpoint → _write_checkpoint(..., read_checkpoint 作回读回调)",Godot/three_d/rules/save_store.gd:5-6,accepted,yes,-,-,-,none,unreachable_or_not_transition,薄包装，无自有分支
save_store,Godot/three_d/rules/save_store.gd,_write_checkpoint（write_checkpoint 包装 → 独立临时文件 + 回读 + 原子 rename）,8,拒绝：临时文件打开失败 → 返回 FileAccess.get_open_error(),Godot/three_d/rules/save_store.gd:12-14,rejected,no,persistence_io.write_open_rejected,Godot/three_d/tests/save_store_test.gd::write_open_rejected,output/3d/persistence-io-coverage.json,strong,catalogued_strong,强证据：断言写入未发生（目标文件与 .tmp 均不存在）（save_store_test.gd:87-90）
save_store,Godot/three_d/rules/save_store.gd,_write_checkpoint（write_checkpoint 包装 → 独立临时文件 + 回读 + 原子 rename）,8,接受：新建存档（临时文件 → 回读 → rename 到新路径）,Godot/three_d/rules/save_store.gd:12-28,accepted,yes,persistence_io.write_new,Godot/three_d/tests/save_store_test.gd::write_new,output/3d/persistence-io-coverage.json,strong,catalogued_strong,强证据：断言返回 OK、文件存在、read_checkpoint 往返 state 相等（save_store_test.gd:17-20）
save_store,Godot/three_d/rules/save_store.gd,_write_checkpoint（write_checkpoint 包装 → 独立临时文件 + 回读 + 原子 rename）,8,接受：替换已有存档（原子 rename 覆盖）,Godot/three_d/rules/save_store.gd:12-28,accepted,yes,persistence_io.write_replace,Godot/three_d/tests/save_store_test.gd::write_replace,output/3d/persistence-io-coverage.json,strong,catalogued_strong,强证据：断言新 state 生效且无 .tmp 残留（save_store_test.gd:24-27）
save_store,Godot/three_d/rules/save_store.gd,_write_checkpoint（write_checkpoint 包装 → 独立临时文件 + 回读 + 原子 rename）,8,拒绝：store_var/flush 后 file.get_error()!=OK → 直接返回 result（未删除 .tmp）,Godot/three_d/rules/save_store.gd:15-20,rejected,no,-,-,-,none,unreachable_or_not_transition,目录无 ID、无测试。与另两条写拒绝不同，本分支未调用 DirAccess.remove_absolute(temporary) → 写失败会在磁盘留下 <path>.tmp 残留（对比 23、27 行）。仅写盘失败（如满盘/只读介质）可触发 当前树归因：损坏/篡改存档恢复拒绝或底层写盘失败，不计入正常玩家可达缺口；保留为系统防御分支记录。
save_store,Godot/three_d/rules/save_store.gd,_write_checkpoint（write_checkpoint 包装 → 独立临时文件 + 回读 + 原子 rename）,8,拒绝：临时文件回读校验非 ok → 删 .tmp 并返回 ERR_FILE_CORRUPT,Godot/three_d/rules/save_store.gd:21-24,rejected,no,persistence_io.write_temp_verification_rejected,Godot/three_d/tests/save_store_test.gd::write_temp_verification_rejected,output/3d/persistence-io-coverage.json,strong,catalogued_strong,强证据：断言原存档字节不变且无 .tmp（save_store_test.gd:28-32）
save_store,Godot/three_d/rules/save_store.gd,_write_checkpoint（write_checkpoint 包装 → 独立临时文件 + 回读 + 原子 rename）,8,拒绝：DirAccess.rename_absolute 失败 → 删 .tmp 并返回错误,Godot/three_d/rules/save_store.gd:25-28,rejected,no,persistence_io.write_rename_rejected,Godot/three_d/tests/save_store_test.gd::write_rename_rejected,output/3d/persistence-io-coverage.json,strong,catalogued_strong,以目录为目标触发 rename 失败（save_store_test.gd:91-96）；断言目录仍在且无 .tmp
save_store,Godot/three_d/rules/save_store.gd,read_checkpoint,30,"包装：read_checkpoint → _read_checkpoint(FileAccess.open(..., READ))",Godot/three_d/rules/save_store.gd:30-31,accepted,yes,-,-,-,none,unreachable_or_not_transition,薄包装，无自有分支
save_store,Godot/three_d/rules/save_store.gd,_read_checkpoint（read_checkpoint 包装 → 打开并校验信封）,33,missing：文件不存在 → {status:'missing'},Godot/three_d/rules/save_store.gd:34-35,rejected,yes,persistence_io.read_missing,Godot/three_d/tests/save_store_test.gd::read_missing,output/3d/persistence-io-coverage.json,strong,catalogued_strong,目录 outcome 记 missing；本片归入 rejected（非 ok）。断言未创建文件（save_store_test.gd:16）
save_store,Godot/three_d/rules/save_store.gd,_read_checkpoint（read_checkpoint 包装 → 打开并校验信封）,33,unreadable：打开文件返回 null → {status:'unreadable'},Godot/three_d/rules/save_store.gd:36-38,rejected,yes,persistence_io.read_unreadable,Godot/three_d/tests/save_store_test.gd::read_unreadable,output/3d/persistence-io-coverage.json,strong,catalogued_strong,经 _read_checkpoint 注入 null 打开器（save_store_test.gd:22-23）；断言原文件字节不变
save_store,Godot/three_d/rules/save_store.gd,_read_checkpoint（read_checkpoint 包装 → 打开并校验信封）,33,invalid：长度<4 或头部长度>文件长-4（截断/过短）→ {status:'invalid'},Godot/three_d/rules/save_store.gd:39-41,rejected,yes,persistence_io.read_truncated,Godot/three_d/tests/save_store_test.gd::read_truncated,output/3d/persistence-io-coverage.json,strong,catalogued_strong,覆盖 3 字节空缓冲与半截文件两例（save_store_test.gd:72-85）；断言字节不变
save_store,Godot/three_d/rules/save_store.gd,_read_checkpoint（read_checkpoint 包装 → 打开并校验信封）,33,invalid：get_var 结果非 Dictionary → {status:'invalid'},Godot/three_d/rules/save_store.gd:45-46,rejected,yes,persistence_io.read_invalid_envelope,Godot/three_d/tests/save_store_test.gd::read_invalid_envelope,output/3d/persistence-io-coverage.json,strong,catalogued_strong,"用例之一为 ['not','an envelope']（Array）；断言字节不变（save_store_test.gd:57-71）"
save_store,Godot/three_d/rules/save_store.gd,_read_checkpoint（read_checkpoint 包装 → 打开并校验信封）,33,invalid：version 键非 int → {status:'invalid'},Godot/three_d/rules/save_store.gd:47-49,rejected,yes,persistence_io.read_invalid_envelope,Godot/three_d/tests/save_store_test.gd::read_invalid_envelope,output/3d/persistence-io-coverage.json,strong,catalogued_strong,"用例为 {'version':'1',...}（save_store_test.gd:60）"
save_store,Godot/three_d/rules/save_store.gd,_read_checkpoint（read_checkpoint 包装 → 打开并校验信封）,33,"unsupported_version：stored_version != VERSION → {status:'unsupported_version', version}",Godot/three_d/rules/save_store.gd:50-51,rejected,yes,persistence_io.read_version,Godot/three_d/tests/save_store_test.gd::read_version,output/3d/persistence-io-coverage.json,strong,catalogued_strong,断言 version==99 且字节不变（save_store_test.gd:43-49）；world.gd:973-977 据此保留原文件
save_store,Godot/three_d/rules/save_store.gd,_read_checkpoint（read_checkpoint 包装 → 打开并校验信封）,33,invalid：payload 非 PackedByteArray 或 digest 不符 → {status:'invalid'},Godot/three_d/rules/save_store.gd:52-54,rejected,yes,persistence_io.read_corrupt,Godot/three_d/tests/save_store_test.gd::read_corrupt,output/3d/persistence-io-coverage.json,strong,catalogued_strong,"read_corrupt（翻转 payload 字节致 digest 不符）与 read_invalid_envelope 的缺 payload / 坏 digest 两例同落本行；均断言字节不变（save_store_test.gd:33-42,61-62）"
save_store,Godot/three_d/rules/save_store.gd,_read_checkpoint（read_checkpoint 包装 → 打开并校验信封）,33,invalid：bytes_to_var(payload) 结果非 Dictionary → {status:'invalid'},Godot/three_d/rules/save_store.gd:55-57,rejected,yes,persistence_io.read_non_dictionary,Godot/three_d/tests/save_store_test.gd::read_non_dictionary,output/3d/persistence-io-coverage.json,strong,catalogued_strong,"用例 payload=[1,2,3] 且 digest 合法（save_store_test.gd:50-56）；断言字节不变"
save_store,Godot/three_d/rules/save_store.gd,_read_checkpoint（read_checkpoint 包装 → 打开并校验信封）,33,"接受：信封校验全过 → {status:'ok', state}",Godot/three_d/rules/save_store.gd:58,accepted,yes,persistence_io.read_valid,Godot/three_d/tests/save_store_test.gd::read_valid,output/3d/persistence-io-coverage.json,strong,catalogued_strong,断言 state 与写入对象相等（save_store_test.gd:19-20）
scene_props,Godot/three_d/scripts/scene_props.gd,_init,6,构造：绑定 world 引用,Godot/three_d/scripts/scene_props.gd:6-7,accepted,yes,-,-,-,none,unreachable_or_not_transition,构造，非转移。
scene_props,Godot/three_d/scripts/scene_props.gd,register,8,注册 entries[id] 且 states[id]=false,Godot/three_d/scripts/scene_props.gd:8-10,accepted,yes,-,-,-,none,unreachable_or_not_transition,构造期辅助，仅被 build_stash / build_tavern 调用。states 初值 false 决定 interact 的 toggle 方向（正向=opened）。
scene_props,Godot/three_d/scripts/scene_props.gd,interact,11,states[id]==false → 置 true 并补间到 opened（正向）,Godot/three_d/scripts/scene_props.gd:11-17,accepted,yes,world.prop_on,Godot/three_d/tests/world_coverage_test.gd::prop_on,output/3d/world-coverage.json,strong,catalogued_strong,world_coverage_test.gd:428（use_stash_prop）与 :470（use_room_prop）断言 states 翻转、节点属性到达目标值、且 RunCheckpoint.capture(run_game) 不变。四室壁灯/餐具柜各合并一条（同构，仅 room_name 前缀不同）。
scene_props,Godot/three_d/scripts/scene_props.gd,interact,11,states[id]==false → 置 true 并补间到 opened（正向）,Godot/three_d/scripts/scene_props.gd:11-17,accepted,yes,world.prop_drawer0,Godot/three_d/tests/world_coverage_test.gd::prop_on,output/3d/world-coverage.json,strong,catalogued_strong,world_coverage_test.gd:428（use_stash_prop）与 :470（use_room_prop）断言 states 翻转、节点属性到达目标值、且 RunCheckpoint.capture(run_game) 不变。四室壁灯/餐具柜各合并一条（同构，仅 room_name 前缀不同）。
scene_props,Godot/three_d/scripts/scene_props.gd,interact,11,states[id]==false → 置 true 并补间到 opened（正向）,Godot/three_d/scripts/scene_props.gd:11-17,accepted,yes,world.prop_window,Godot/three_d/tests/world_coverage_test.gd::prop_on,output/3d/world-coverage.json,strong,catalogued_strong,world_coverage_test.gd:428（use_stash_prop）与 :470（use_room_prop）断言 states 翻转、节点属性到达目标值、且 RunCheckpoint.capture(run_game) 不变。四室壁灯/餐具柜各合并一条（同构，仅 room_name 前缀不同）。
scene_props,Godot/three_d/scripts/scene_props.gd,interact,11,states[id]==false → 置 true 并补间到 opened（正向）,Godot/three_d/scripts/scene_props.gd:11-17,accepted,yes,world.prop_card,Godot/three_d/tests/world_coverage_test.gd::prop_on,output/3d/world-coverage.json,strong,catalogued_strong,world_coverage_test.gd:428（use_stash_prop）与 :470（use_room_prop）断言 states 翻转、节点属性到达目标值、且 RunCheckpoint.capture(run_game) 不变。四室壁灯/餐具柜各合并一条（同构，仅 room_name 前缀不同）。
scene_props,Godot/three_d/scripts/scene_props.gd,interact,11,states[id]==false → 置 true 并补间到 opened（正向）,Godot/three_d/scripts/scene_props.gd:11-17,accepted,yes,world.prop_chip,Godot/three_d/tests/world_coverage_test.gd::prop_on,output/3d/world-coverage.json,strong,catalogued_strong,world_coverage_test.gd:428（use_stash_prop）与 :470（use_room_prop）断言 states 翻转、节点属性到达目标值、且 RunCheckpoint.capture(run_game) 不变。四室壁灯/餐具柜各合并一条（同构，仅 room_name 前缀不同）。
scene_props,Godot/three_d/scripts/scene_props.gd,interact,11,states[id]==false → 置 true 并补间到 opened（正向）,Godot/three_d/scripts/scene_props.gd:11-17,accepted,yes,world.room_light_on,Godot/three_d/tests/world_coverage_test.gd::prop_on,output/3d/world-coverage.json,strong,catalogued_strong,world_coverage_test.gd:428（use_stash_prop）与 :470（use_room_prop）断言 states 翻转、节点属性到达目标值、且 RunCheckpoint.capture(run_game) 不变。四室壁灯/餐具柜各合并一条（同构，仅 room_name 前缀不同）。
scene_props,Godot/three_d/scripts/scene_props.gd,interact,11,states[id]==false → 置 true 并补间到 opened（正向）,Godot/three_d/scripts/scene_props.gd:11-17,accepted,yes,world.room_cupboard_open,Godot/three_d/tests/world_coverage_test.gd::prop_on,output/3d/world-coverage.json,strong,catalogued_strong,world_coverage_test.gd:428（use_stash_prop）与 :470（use_room_prop）断言 states 翻转、节点属性到达目标值、且 RunCheckpoint.capture(run_game) 不变。四室壁灯/餐具柜各合并一条（同构，仅 room_name 前缀不同）。
scene_props,Godot/three_d/scripts/scene_props.gd,interact（由 World.request_action 的 prop: 前缀分派；world.gd:479-481）,11,接受：tween 把 node 的 property 插值到 opened/closed —— 测试在 tween 结束后断言灯 light_energy 实际达到 0.0（渲染后继值）且 states.lamp 为真,Godot/three_d/scripts/scene_props.gd:11-17,accepted,yes,world.prop_visual,Godot/three_d/tests/world_coverage_test.gd::prop_visual,output/3d/world-coverage.json,strong,catalogued_strong,与 world.prop_on 分工：prop_on 断言 states[id] 逻辑位且 run 快照不变；prop_visual 断言 tween 完成后的渲染属性具体值（light_energy==0.0）。目录 source/entry 正确
scene_props,Godot/three_d/scripts/scene_props.gd,interact,11,entries[id] 缺键（未注册 id）,Godot/three_d/scripts/scene_props.gd:12-12,rejected,no,-,-,-,none,unreachable_or_not_transition,★防御分支：全部 prop:* / search:* / route:* 锚点均由 world.gd target()(:312-326) 与 register()(scene_props.gd:24-117) 成对创建，公开入口无法构造未注册 id。独立复核确认 A4『不可到达』结论。
scene_props,Godot/three_d/scripts/scene_props.gd,interact,11,states[id]==true → 置 false 并补间到 closed（反向/关闭）,Godot/three_d/scripts/scene_props.gd:13-16,accepted,yes,world.prop_drawer0_reverse,Godot/three_d/tests/world_coverage_test.gd::prop_lamp_reverse,output/3d/world-coverage.json,strong,catalogued_strong,同入口同一 toggle，方向只由 states[id] 当前值决定；后继状态值不同（closed）故与正向分列。抽屉反向需先重新瞄准（anchor 随抽屉平移）——这是空间结果，不是拒绝逻辑。
scene_props,Godot/three_d/scripts/scene_props.gd,interact,11,states[id]==true → 置 false 并补间到 closed（反向/关闭）,Godot/three_d/scripts/scene_props.gd:13-16,accepted,yes,world.prop_window_reverse,Godot/three_d/tests/world_coverage_test.gd::prop_lamp_reverse,output/3d/world-coverage.json,strong,catalogued_strong,同入口同一 toggle，方向只由 states[id] 当前值决定；后继状态值不同（closed）故与正向分列。抽屉反向需先重新瞄准（anchor 随抽屉平移）——这是空间结果，不是拒绝逻辑。
scene_props,Godot/three_d/scripts/scene_props.gd,interact,11,states[id]==true → 置 false 并补间到 closed（反向/关闭）,Godot/three_d/scripts/scene_props.gd:13-16,accepted,yes,world.prop_card_reverse,Godot/three_d/tests/world_coverage_test.gd::prop_lamp_reverse,output/3d/world-coverage.json,strong,catalogued_strong,同入口同一 toggle，方向只由 states[id] 当前值决定；后继状态值不同（closed）故与正向分列。抽屉反向需先重新瞄准（anchor 随抽屉平移）——这是空间结果，不是拒绝逻辑。
scene_props,Godot/three_d/scripts/scene_props.gd,interact,11,states[id]==true → 置 false 并补间到 closed（反向/关闭）,Godot/three_d/scripts/scene_props.gd:13-16,accepted,yes,world.prop_chip_reverse,Godot/three_d/tests/world_coverage_test.gd::prop_lamp_reverse,output/3d/world-coverage.json,strong,catalogued_strong,同入口同一 toggle，方向只由 states[id] 当前值决定；后继状态值不同（closed）故与正向分列。抽屉反向需先重新瞄准（anchor 随抽屉平移）——这是空间结果，不是拒绝逻辑。
scene_props,Godot/three_d/scripts/scene_props.gd,interact,11,states[id]==true → 置 false 并补间到 closed（反向/关闭）,Godot/three_d/scripts/scene_props.gd:13-16,accepted,yes,world.prop_lamp_reverse,Godot/three_d/tests/world_coverage_test.gd::prop_lamp_reverse,output/3d/world-coverage.json,strong,catalogued_strong,同入口同一 toggle，方向只由 states[id] 当前值决定；后继状态值不同（closed）故与正向分列。抽屉反向需先重新瞄准（anchor 随抽屉平移）——这是空间结果，不是拒绝逻辑。
scene_props,Godot/three_d/scripts/scene_props.gd,interact,11,states[id]==true → 置 false 并补间到 closed（反向/关闭）,Godot/three_d/scripts/scene_props.gd:13-16,accepted,yes,world.room_light_off,Godot/three_d/tests/world_coverage_test.gd::prop_lamp_reverse,output/3d/world-coverage.json,strong,catalogued_strong,同入口同一 toggle，方向只由 states[id] 当前值决定；后继状态值不同（closed）故与正向分列。抽屉反向需先重新瞄准（anchor 随抽屉平移）——这是空间结果，不是拒绝逻辑。
scene_props,Godot/three_d/scripts/scene_props.gd,interact,11,states[id]==true → 置 false 并补间到 closed（反向/关闭）,Godot/three_d/scripts/scene_props.gd:13-16,accepted,yes,world.room_cupboard_close,Godot/three_d/tests/world_coverage_test.gd::prop_lamp_reverse,output/3d/world-coverage.json,strong,catalogued_strong,同入口同一 toggle，方向只由 states[id] 当前值决定；后继状态值不同（closed）故与正向分列。抽屉反向需先重新瞄准（anchor 随抽屉平移）——这是空间结果，不是拒绝逻辑。
scene_props,Godot/three_d/scripts/scene_props.gd,interact,11,action_busy=true；补间 0.45s 后 tween_callback 置回 false,Godot/three_d/scripts/scene_props.gd:14-17,accepted,yes,world.busy_guard,Godot/three_d/tests/world_coverage_test.gd::busy_guard,output/3d/world-coverage.json,strong,catalogued_strong,Tween 回调属『游戏调度可达』的状态改变（清 busy）。busy 是唯一不被 controls_enabled 掩盖的守卫项（独立复核确认 A4 结论，见 world.gd:477 各合取项）。跨道具共享（:146 cross_prop_busy）。
scene_props,Godot/three_d/scripts/scene_props.gd,interact,11,action_busy=true；补间 0.45s 后 tween_callback 置回 false,Godot/three_d/scripts/scene_props.gd:14-17,accepted,yes,world.cross_prop_busy,Godot/three_d/tests/world_coverage_test.gd::busy_guard,output/3d/world-coverage.json,strong,catalogued_strong,Tween 回调属『游戏调度可达』的状态改变（清 busy）。busy 是唯一不被 controls_enabled 掩盖的守卫项（独立复核确认 A4 结论，见 world.gd:477 各合取项）。跨道具共享（:146 cross_prop_busy）。
scene_props,Godot/three_d/scripts/scene_props.gd,restore,18,按 values 逐 id 恢复 states 并 set_indexed 节点属性,Godot/three_d/scripts/scene_props.gd:18-22,accepted,yes,world.prop_restore,Godot/three_d/tests/world_coverage_test.gd::prop_restore,output/3d/world-coverage.json,strong,catalogued_strong,world_coverage_test.gd:110-112（先 restore({}) 再 restore_checkpoint(saved)）；spatial_interaction_test.gd:54-56；world_restore_atomic_test.gd:92-97（缺 props 键时回退 closed）。未注册 id 与多余键被静默忽略。
scene_props,Godot/three_d/scripts/scene_props.gd,build_stash,23,构造藏匿点道具并注册（lamp/drawer0-2/window/card/chip）,Godot/three_d/scripts/scene_props.gd:23-105,accepted,yes,-,-,-,none,unreachable_or_not_transition,构造期；决定 6 个 stash 道具 ID 与其 anchor（抽屉 anchor 与 node 同体 → 拉开后需重瞄）。
scene_props,Godot/three_d/scripts/scene_props.gd,build_tavern,106,构造四室道具并注册（prefix+light / prefix+cupboard）,Godot/three_d/scripts/scene_props.gd:106-117,accepted,yes,world.room_light_on,-,-,none,unreachable_or_not_transition,"构造期；prefix 由 world.gd:299 props.build_tavern(room, room_name) 传入（Tavern/LedgerCellar/MirrorHall/EmbersRoom），故 room_* ID 的房间维度来源在此。四室注册参数一致（light_energy 0.8↔0.0；rotation:y 0.0↔-1.2），后继同构故合并。"
scene_props,Godot/three_d/scripts/scene_props.gd,build_tavern,106,构造四室道具并注册（prefix+light / prefix+cupboard）,Godot/three_d/scripts/scene_props.gd:106-117,accepted,yes,world.room_cupboard_open,-,-,none,unreachable_or_not_transition,"构造期；prefix 由 world.gd:299 props.build_tavern(room, room_name) 传入（Tavern/LedgerCellar/MirrorHall/EmbersRoom），故 room_* ID 的房间维度来源在此。四室注册参数一致（light_energy 0.8↔0.0；rotation:y 0.0↔-1.2），后继同构故合并。"
search_events,Godot/three_d/rules/search_events.gd,event_id,10,"排除：纯查询 event_id(run,site) → variant_plan.events 取值",Godot/three_d/rules/search_events.gd:10-11,accepted,yes,-,Godot/three_d/tests/event_pool_test.gd::Version 1 retains original event placement,-,none,unreachable_or_not_transition,只读映射，不改任何状态；由 event_for/apply/run.gd 复用
search_events,Godot/three_d/rules/search_events.gd,event_for,12,"排除：纯构造 event_for(run,site)（含 15-17 的配对改写分支）",Godot/three_d/rules/search_events.gd:12-18,accepted,yes,-,Godot/three_d/tests/event_pool_test.gd::Both independent event pairs generate four layouts,-,none,unreachable_or_not_transition,返回 duplicate(true) 的展示用 dict，不改权威状态；15-17 仅在 site=='embers-table' 且其规划事件为 cargo-table 时改写展示文案与线路（river-launch）——该改写会被 event_pool_test.gd 以全部 4 种事件布局覆盖，仍属同一 route 分支
search_events,Godot/three_d/rules/search_events.gd,choice,19,"排除：纯查询 choice(run,site,id) 按 id 取选项",Godot/three_d/rules/search_events.gd:19-22,accepted,yes,-,-,-,none,unreachable_or_not_transition,只读，被 reason/apply 复用；空返回由 reason:24-25 转成拒绝
search_events,Godot/three_d/rules/search_events.gd,reason（由 Run.service_reason 分派，run.gd:257-258）,23,拒绝守卫：未知选择 → '未知选择',Godot/three_d/rules/search_events.gd:24-25,rejected,no,search.unknown_choice,Godot/three_d/tests/search_coverage_test.gd::unknown_choice,output/3d/search-coverage.json,strong,catalogued_strong,目录把本族 source 标为 run.gd（catalog entry=service_action(search)），但转移体在本文件 apply/reason；同批 ID 已由 g1-run-transitions.csv 以分派入口登记，本片按内部 apply 口径重复登记，合并时请按 catalog_id 去重（见 notes）。 | player_reachable 口径：仅当存在玩家输入路径使该分支体执行（含 UI 刷新时为每个动作计算 reason）才记 yes；服务/搜索面板会把 reason 非空的动作按钮设为 disabled（services_hud.gd:52），故凡“UI 已预先拦截”的拒绝守卫记 no。
search_events,Godot/three_d/rules/search_events.gd,reason（由 Run.service_reason 分派，run.gd:257-258）,23,阶段守卫：not active 或 table!=null → '只能在离桌探索时处理',Godot/three_d/rules/search_events.gd:26,phase_condition,no,search.inactive,Godot/three_d/tests/search_coverage_test.gd::inactive,output/3d/search-coverage.json,strong,catalogued_strong,目录把本族 source 标为 run.gd（catalog entry=service_action(search)），但转移体在本文件 apply/reason；同批 ID 已由 g1-run-transitions.csv 以分派入口登记，本片按内部 apply 口径重复登记，合并时请按 catalog_id 去重（见 notes）。 同一条 or 覆盖 search.inactive 与 search.table_active。player_reachable=no：搜索锚点仅在非落座时可交互（world.gd:477）
search_events,Godot/three_d/rules/search_events.gd,reason（由 Run.service_reason 分派，run.gd:257-258）,23,阶段守卫（同上 or 的另一支）：table!=null → '只能在离桌探索时处理',Godot/three_d/rules/search_events.gd:26,phase_condition,no,search.table_active,Godot/three_d/tests/search_coverage_test.gd::table_active,output/3d/search-coverage.json,strong,catalogued_strong,目录把本族 source 标为 run.gd（catalog entry=service_action(search)），但转移体在本文件 apply/reason；同批 ID 已由 g1-run-transitions.csv 以分派入口登记，本片按内部 apply 口径重复登记，合并时请按 catalog_id 去重（见 notes）。
search_events,Godot/three_d/rules/search_events.gd,reason（由 Run.service_reason 分派，run.gd:257-258）,23,拒绝守卫：room_blocked_reason(site) 非空 → '该房间尚未解锁',Godot/three_d/rules/search_events.gd:27,rejected,no,search.locked,Godot/three_d/tests/search_coverage_test.gd::locked,output/3d/search-coverage.json,strong,catalogued_strong,目录把本族 source 标为 run.gd（catalog entry=service_action(search)），但转移体在本文件 apply/reason；同批 ID 已由 g1-run-transitions.csv 以分派入口登记，本片按内部 apply 口径重复登记，合并时请按 catalog_id 去重（见 notes）。 room_blocked_reason 定义于 run.gd:153-155 | player_reachable 口径：仅当存在玩家输入路径使该分支体执行（含 UI 刷新时为每个动作计算 reason）才记 yes；服务/搜索面板会把 reason 非空的动作按钮设为 disabled（services_hud.gd:52），故凡“UI 已预先拦截”的拒绝守卫记 no。
search_events,Godot/three_d/rules/search_events.gd,reason（由 Run.service_reason 分派，run.gd:257-258）,23,拒绝守卫：search_results.has(site) → '本局已处理此处',Godot/three_d/rules/search_events.gd:28,rejected,yes,search.repeat,Godot/three_d/tests/search_coverage_test.gd::repeat,output/3d/search-coverage.json,strong,catalogued_strong,目录把本族 source 标为 run.gd（catalog entry=service_action(search)），但转移体在本文件 apply/reason；同批 ID 已由 g1-run-transitions.csv 以分派入口登记，本片按内部 apply 口径重复登记，合并时请按 catalog_id 去重（见 notes）。
search_events,Godot/three_d/rules/search_events.gd,reason（由 Run.service_reason 分派，run.gd:257-258）,23,拒绝守卫：action_points<1 → '行动力不足',Godot/three_d/rules/search_events.gd:29,rejected,yes,search.no_action_points,Godot/three_d/tests/search_coverage_test.gd::no_action_points,output/3d/search-coverage.json,strong,catalogued_strong,目录把本族 source 标为 run.gd（catalog entry=service_action(search)），但转移体在本文件 apply/reason；同批 ID 已由 g1-run-transitions.csv 以分派入口登记，本片按内部 apply 口径重复登记，合并时请按 catalog_id 去重（见 notes）。
search_events,Godot/three_d/rules/search_events.gd,reason（由 Run.service_reason 分派，run.gd:257-258）,23,拒绝守卫：cash<option.cost → '随身现金不足',Godot/three_d/rules/search_events.gd:30,rejected,yes,search.insufficient_cash,Godot/three_d/tests/search_coverage_test.gd::insufficient_cash,output/3d/search-coverage.json,strong,catalogued_strong,目录把本族 source 标为 run.gd（catalog entry=service_action(search)），但转移体在本文件 apply/reason；同批 ID 已由 g1-run-transitions.csv 以分派入口登记，本片按内部 apply 口径重复登记，合并时请按 catalog_id 去重（见 notes）。
search_events,Godot/three_d/rules/search_events.gd,reason（由 Run.service_reason 分派，run.gd:257-258）,23,拒绝守卫：带 item 的选项且槽位溢出 → '背包已满',Godot/three_d/rules/search_events.gd:31,rejected,yes,search.full_bag,Godot/three_d/tests/search_coverage_test.gd::full_bag,output/3d/search-coverage.json,strong,catalogued_strong,目录把本族 source 标为 run.gd（catalog entry=service_action(search)），但转移体在本文件 apply/reason；同批 ID 已由 g1-run-transitions.csv 以分派入口登记，本片按内部 apply 口径重复登记，合并时请按 catalog_id 去重（见 notes）。
search_events,Godot/three_d/rules/search_events.gd,reason（由 Run.service_reason 分派，run.gd:257-258）,23,拒绝守卫：带 route 的选项且 route_known(route) → '已知这条路线，无需重复取线索',Godot/three_d/rules/search_events.gd:32,rejected,yes,search.known_route,Godot/three_d/tests/search_coverage_test.gd::known_route,output/3d/search-coverage.json,strong,catalogued_strong,目录把本族 source 标为 run.gd（catalog entry=service_action(search)），但转移体在本文件 apply/reason；同批 ID 已由 g1-run-transitions.csv 以分派入口登记，本片按内部 apply 口径重复登记，合并时请按 catalog_id 去重（见 notes）。
search_events,Godot/three_d/rules/search_events.gd,reason（由 Run.service_reason 分派，run.gd:257-258）,23,拒绝守卫：带 intel 的选项且 option.intel 已完成 → '该牌桌已完成，无需购买情报',Godot/three_d/rules/search_events.gd:33,rejected,yes,search.completed_intel,Godot/three_d/tests/search_coverage_test.gd::completed_intel,output/3d/search-coverage.json,strong,catalogued_strong,目录把本族 source 标为 run.gd（catalog entry=service_action(search)），但转移体在本文件 apply/reason；同批 ID 已由 g1-run-transitions.csv 以分派入口登记，本片按内部 apply 口径重复登记，合并时请按 catalog_id 去重（见 notes）。
search_events,Godot/three_d/rules/search_events.gd,reason（由 Run.service_reason 分派，run.gd:257-258）,23,拒绝守卫：带 intel 的选项且已全情报 → '已知全部情报',Godot/three_d/rules/search_events.gd:34,rejected,yes,search.known_intel,Godot/three_d/tests/search_coverage_test.gd::known_intel,output/3d/search-coverage.json,strong,catalogued_strong,目录把本族 source 标为 run.gd（catalog entry=service_action(search)），但转移体在本文件 apply/reason；同批 ID 已由 g1-run-transitions.csv 以分派入口登记，本片按内部 apply 口径重复登记，合并时请按 catalog_id 去重（见 notes）。
search_events,Godot/three_d/rules/search_events.gd,reason（由 Run.service_reason 分派，run.gd:257-258）,23,拒绝守卫：cool 选项且 heat_reduced 为真 → '本轮已降过风声或无需降低',Godot/three_d/rules/search_events.gd:35,rejected,yes,search.cool_used,Godot/three_d/tests/search_coverage_test.gd::cool_used,output/3d/search-coverage.json,strong,catalogued_strong,目录把本族 source 标为 run.gd（catalog entry=service_action(search)），但转移体在本文件 apply/reason；同批 ID 已由 g1-run-transitions.csv 以分派入口登记，本片按内部 apply 口径重复登记，合并时请按 catalog_id 去重（见 notes）。
search_events,Godot/three_d/rules/search_events.gd,reason（由 Run.service_reason 分派，run.gd:257-258）,23,拒绝守卫（同上 or 的另一支）：cool 选项且 heat<=0 → '本轮已降过风声或无需降低',Godot/three_d/rules/search_events.gd:35,rejected,yes,search.cool_unneeded,Godot/three_d/tests/search_coverage_test.gd::cool_unneeded,output/3d/search-coverage.json,strong,catalogued_strong,目录把本族 source 标为 run.gd（catalog entry=service_action(search)），但转移体在本文件 apply/reason；同批 ID 已由 g1-run-transitions.csv 以分派入口登记，本片按内部 apply 口径重复登记，合并时请按 catalog_id 去重（见 notes）。
search_events,Godot/three_d/rules/search_events.gd,apply（由 Run.service_action 分派，run.gd:318-321）,37,接受：代送封口信（option.cash）→ cash 增加 + heat 累加,Godot/three_d/rules/search_events.gd:39-40,accepted,yes,search.cash,Godot/three_d/tests/search_coverage_test.gd::cash,output/3d/search-coverage.json,strong,catalogued_strong,目录把本族 source 标为 run.gd（catalog entry=service_action(search)），但转移体在本文件 apply/reason；同批 ID 已由 g1-run-transitions.csv 以分派入口登记，本片按内部 apply 口径重复登记，合并时请按 catalog_id 去重（见 notes）。
search_events,Godot/three_d/rules/search_events.gd,apply（由 Run.service_action 分派，run.gd:318-321）,37,接受：拿物品（option.item）→ inventory.append + heat 累加,Godot/three_d/rules/search_events.gd:40-41,accepted,yes,search.goods,Godot/three_d/tests/search_coverage_test.gd::goods,output/3d/search-coverage.json,strong,catalogued_strong,目录把本族 source 标为 run.gd（catalog entry=service_action(search)），但转移体在本文件 apply/reason；同批 ID 已由 g1-run-transitions.csv 以分派入口登记，本片按内部 apply 口径重复登记，合并时请按 catalog_id 去重（见 notes）。 强证据断言完整 checkpoint，含 inventory/heat/action_points/search_results（search_coverage_test.gd:46-60）
search_events,Godot/three_d/rules/search_events.gd,apply（由 Run.service_action 分派，run.gd:318-321）,37,接受：取线索（option.route）→ route_flags[route]=true,Godot/three_d/rules/search_events.gd:42,accepted,yes,search.route,Godot/three_d/tests/search_coverage_test.gd::route,output/3d/search-coverage.json,strong,catalogued_strong,目录把本族 source 标为 run.gd（catalog entry=service_action(search)），但转移体在本文件 apply/reason；同批 ID 已由 g1-run-transitions.csv 以分派入口登记，本片按内部 apply 口径重复登记，合并时请按 catalog_id 去重（见 notes）。 目录把 3 个来源合并为 1 个 ID：cargo-table『lead』→fixed、embers-table『route』→service-stairs、以及 event_for:15-17 的配对改写下 embers-table→river-launch（后者由 event_pool_test.gd 覆盖，见 notes 第 3 节）
search_events,Godot/three_d/rules/search_events.gd,apply（由 Run.service_action 分派，run.gd:318-321）,37,接受：付费买情报（option.cost + option.intel）→ cash 扣费 + full_intel/known_rules 写入,Godot/three_d/rules/search_events.gd:43-45,accepted,yes,search.paid_intel,Godot/three_d/tests/search_coverage_test.gd::paid_intel,output/3d/search-coverage.json,strong,catalogued_strong,目录把本族 source 标为 run.gd（catalog entry=service_action(search)），但转移体在本文件 apply/reason；同批 ID 已由 g1-run-transitions.csv 以分派入口登记，本片按内部 apply 口径重复登记，合并时请按 catalog_id 去重（见 notes）。
search_events,Godot/three_d/rules/search_events.gd,apply（由 Run.service_action 分派，run.gd:318-321）,37,接受：免费查看情报（option.intel 无 cost）→ full_intel/known_rules 写入,Godot/three_d/rules/search_events.gd:43-45,accepted,yes,search.free_intel,Godot/three_d/tests/search_coverage_test.gd::free_intel,output/3d/search-coverage.json,strong,catalogued_strong,目录把本族 source 标为 run.gd（catalog entry=service_action(search)），但转移体在本文件 apply/reason；同批 ID 已由 g1-run-transitions.csv 以分派入口登记，本片按内部 apply 口径重复登记，合并时请按 catalog_id 去重（见 notes）。
search_events,Godot/three_d/rules/search_events.gd,apply（由 Run.service_action 分派，run.gd:318-321）,37,接受：付钱拖延巡查（option.cool）→ heat-1、heat_reduced=true,Godot/three_d/rules/search_events.gd:46-48,accepted,yes,search.cool,Godot/three_d/tests/search_coverage_test.gd::cool,output/3d/search-coverage.json,strong,catalogued_strong,目录把本族 source 标为 run.gd（catalog entry=service_action(search)），但转移体在本文件 apply/reason；同批 ID 已由 g1-run-transitions.csv 以分派入口登记，本片按内部 apply 口径重复登记，合并时请按 catalog_id 去重（见 notes）。
search_events,Godot/three_d/rules/search_events.gd,apply（由 Run.service_action 分派，run.gd:318-321）,37,"共享收尾：所有选项 → action_points-1、写 service_message、search_results[site]={event,choice,message}",Godot/three_d/rules/search_events.gd:49-51,accepted,yes,-,Godot/three_d/tests/search_coverage_test.gd::goods,output/3d/search-coverage.json,strong,unreachable_or_not_transition,共享子步骤（非独立 outcome）；search_results 的写入正是 search.repeat 守卫（L28）随后成立的依据。event 字段记录实际事件身份，由 event_pool_test.gd:38 强断言
table,Godot/three_d/rules/table.gd,start,8,入口初始化：建 players/表定义/RNG 并立即 start_hand,Godot/three_d/rules/table.gd:8-14,accepted,yes,-,-,-,none,unreachable_or_not_transition,构造新局面而非在既有合法状态间转移；由 run.enter_table 在 run.gd:178-179 调用；无拒绝分支。若口径要求覆盖初始化需新增 start 族 ID。
table,Godot/three_d/rules/table.gd,ordered_after,16,helper：按 pivot 顺序过滤 folded 与无筹码座位,Godot/three_d/rules/table.gd:16-22,phase_condition,yes,-,-,-,none,unreachable_or_not_transition,纯查询；被 start_hand 与 set_queue 与 advance 复用；不写任何字段。
table,Godot/three_d/rules/table.gd,start_hand,24,每手复位 pot/currentBet/community/street/status/summary 与 pending 标志,Godot/three_d/rules/table.gd:25-26,phase_condition,yes,poker_progress.next_hand,Godot/three_d/tests/poker_progress_coverage_test.gd::next_hand,output/3d/poker_progress-coverage.json,strong,catalogued_strong,与庄位轮换行和 next_hand 接受行共享同一 ID；合并理由：三者后继同为新手开局状态。断言 street==preflop 与 community 空 与 summary 空（test 第51行）。对外触发入口 next_hand:189。
table,Godot/three_d/rules/table.gd,start_hand,24,首攻折扣标志按配置复位,Godot/three_d/rules/table.gd:26-26,accepted,yes,poker_discount.next_hand_resets,Godot/three_d/tests/poker_discount_coverage_test.gd::New hand restores configured aggression discount,output/3d/poker_discount-coverage.json,strong,catalogued_strong,test 第74-77行断言 next_hand 后 status==playing 且 firstAggressionDiscountAvailable==true。
table,Godot/three_d/rules/table.gd,start_hand,24,每手 folded := stack<=0 并清 holeCards/currentBet/handContribution/lastAction,Godot/three_d/rules/table.gd:27-28,phase_condition,yes,ending.folded_return,Godot/three_d/tests/table_endings_test.gd::Funded folded opponents return,output/3d/ending-coverage.json,strong,catalogued_strong,test 第27行断言 next_hand 后 players.all(not folded)；另由 poker_progress.next_hand 断言 holeCards.size()==2 且 handContribution==currentBet。
table,Godot/three_d/rules/table.gd,start_hand,24,防御：funded<2 或 players[0].stack<=0 → finished 与 pendingConclusion 并 return,Godot/three_d/rules/table.gd:31-34,rejected,no,-,-,-,none,unreachable_or_not_transition,不可达（生产路径）。证据：opponents 恒为 2（run_variants.gd:35 与 run.gd:162 与 content.json 四桌均 2）故永远 3 座；next_hand 仅在 status==hand_over 进入而 finish_hand:177 已保证 funded>=2 且 players[0].stack>0；start() 路径各座 stack==buyIn>0。现有测试也未构造该输入。两条件同后继故合并一行；同语义已由 finish_hand 侧 ending.single_funded 与 ending.player_bankrupt 覆盖。
table,Godot/three_d/rules/table.gd,start_hand,24,庄位轮换：rotate_dealer 或 庄家已弃牌 → dealer=funded[0].seatIndex,Godot/three_d/rules/table.gd:35-37,phase_condition,yes,poker_progress.next_hand,Godot/three_d/tests/poker_progress_coverage_test.gd::next_hand,output/3d/poker_progress-coverage.json,strong,catalogued_strong,同 ID 另一分支；test 第56行断言 dealerSeat==1 且 currentActorId==players[1].id。注：生产路径 rotate_dealer 恒为 true（next_hand:189）故 players[dealer].folded 操作数被掩盖。
table,Godot/three_d/rules/table.gd,start_hand,24,单挑重开：庄家为小盲 与 另一人大盲 并轮换庄位,Godot/three_d/rules/table.gd:35-50,accepted,yes,poker_progress.next_hand_heads_up,Godot/three_d/tests/poker_progress_coverage_test.gd::next_hand_heads_up,output/3d/poker_progress-coverage.json,strong,catalogued_strong,夹具直接改 stack 制造破产座位（test 第65-67行）后由真实 next_hand 进入单挑；断言 rng.value != 前值。
table,Godot/three_d/rules/table.gd,start_hand,24,盲注归属：单挑 starters==2 时庄家为小盲 与 三人 starters[0]/[1] 互斥,Godot/three_d/rules/table.gd:38-43,mutually_exclusive,yes,poker_progress.next_hand_heads_up,Godot/three_d/tests/poker_progress_coverage_test.gd::next_hand_heads_up,output/3d/poker_progress-coverage.json,strong,catalogued_strong,test 第74行断言 smallBlindSeat==funded 与 bigBlindSeat==0 与 currentActorId；三人分支由 next_hand 的 dealerSeat 与 pot 断言覆盖。starters.size()==1 不可能（第30行与第38行同一过滤器且已保证 funded>=2）。
table,Godot/three_d/rules/table.gd,start_hand,24,盲注封顶：mini(stack; blind) 允许不足额盲注,Godot/three_d/rules/table.gd:44-46,phase_condition,yes,-,Godot/three_d/tests/table_test.gd::All-in blind receives cards and remains eligible,-,weak,reachable_unmapped,mini() 真正封顶（stack<blind）的路径无 ID 且无断言；table_test.gd:81-85 只用 stack==smallBlind 的等值边界（即未触达封顶）故只算弱证据。无 coverage JSON。
table,Godot/three_d/rules/table.gd,start_hand,24,洗牌并两轮各发一张底牌（推进 RNG 与牌堆减 6 张）,Godot/three_d/rules/table.gd:47-50,accepted,yes,-,Godot/three_d/tests/poker_progress_coverage_test.gd::next_hand_heads_up;Godot/three_d/tests/persistence_capture_coverage_test.gd::table_fields_complete,output/3d/poker_progress-coverage.json,weak,reachable_unmapped,RNG 推进仅以 rng.value != 前值（poker_progress test 第75行）与 deck.size()==46（persistence_capture test 第58行）间接断言；无具体牌序或 rng.value 期望值断言也无专属 ID。实现点登记在 poker.shuffle_deck 行。
table,Godot/three_d/rules/table.gd,commit,54,非转移：筹码四字段同增（stack/currentBet/handContribution/pot）,Godot/three_d/rules/table.gd:54-58,phase_condition,yes,-,-,-,none,unreachable_or_not_transition,无守卫无分支的内部原语；接受语义由调用方决定（start_hand:44-45 与 act:100/108/112）。其效果被 poker_action 与 queue 的后继断言逐字段覆盖。
table,Godot/three_d/rules/table.gd,legal_actions,60,非转移：只读查询 fold/check/call/raise/allIn 可用性,Godot/three_d/rules/table.gd:60-75,phase_condition,yes,-,-,-,none,unreachable_or_not_transition,不写任何字段；其布尔结果在 act:80-83 被再次消费；对应语义已逐条登记为 poker_guard 行故不重复计数。读侧调用点 world.gd:650 与 table_hud.gd:206。
table,Godot/three_d/rules/table.gd,legal_actions,60,守卫：status != playing,Godot/three_d/rules/table.gd:61-62,rejected,no,poker_guard.not_playing,Godot/three_d/tests/poker_guard_coverage_test.gd::_initialize[key=not_playing],output/3d/poker_guard-coverage.json,strong,catalogued_strong,夹具：直接改 t.state.status=hand_over。生产侧 act 只在 playing 被调用（world.gd:653 前置 world.gd:679 门）且手结束后按钮被 table_hud.gd:203-206 禁用。
table,Godot/three_d/rules/table.gd,legal_actions,60,守卫：currentActorId != id（非本人回合）,Godot/three_d/rules/table.gd:61-62,rejected,no,poker_guard.wrong_turn,Godot/three_d/tests/poker_guard_coverage_test.gd::_initialize[key=wrong_turn],output/3d/poker_guard-coverage.json,strong,catalogued_strong,夹具：改用 players[1].id 调用。HUD 依 your_turn 禁用按钮（table_hud.gd:206）。
table,Godot/three_d/rules/table.gd,legal_actions,60,守卫：find_player 返回空（未知 id）,Godot/three_d/rules/table.gd:63-65,rejected,no,poker_guard.unknown_actor,Godot/three_d/tests/poker_guard_coverage_test.gd::_initialize[key=unknown_actor],output/3d/poker_guard-coverage.json,strong,catalogued_strong,夹具：把 currentActorId 改成 unknown；生产 currentActorId 恒为真实座位 id（set_queue:143-144）。
table,Godot/three_d/rules/table.gd,legal_actions,60,守卫：player.folded,Godot/three_d/rules/table.gd:63-65,rejected,no,poker_guard.folded_actor,Godot/three_d/tests/poker_guard_coverage_test.gd::_initialize[key=folded_actor],output/3d/poker_guard-coverage.json,strong,catalogued_strong,夹具：直接 p.folded=true。set_queue:138 已把弃牌者排除出 toAct 故玩家路径不可达。
table,Godot/three_d/rules/table.gd,legal_actions,60,守卫：player.stack <= 0,Godot/three_d/rules/table.gd:63-65,rejected,no,poker_guard.empty_stack,Godot/three_d/tests/poker_guard_coverage_test.gd::_initialize[key=empty_stack],output/3d/poker_guard-coverage.json,strong,catalogued_strong,夹具：直接 p.stack=0。set_queue:138 只放 stack>0 者进行动队列。
table,Godot/three_d/rules/table.gd,legal_actions,60,守卫：本街已消耗加注权（raiseUsed）→ 不可再加注,Godot/three_d/rules/table.gd:71-74,rejected,no,poker_guard.raise_used,Godot/three_d/tests/poker_guard_coverage_test.gd::_initialize[key=raise_used],output/3d/poker_guard-coverage.json,strong,catalogued_strong,夹具：t.state.raiseUsed=true。对应的合法传播由 short_stack_queue_test.gd:269 断言（被召回者 legal.raise==false）。
table,Godot/three_d/rules/table.gd,legal_actions,60,守卫：currentBet==0 且 stack<=open_cost（开注不足）,Godot/three_d/rules/table.gd:71-72,rejected,no,poker_guard.open_short,Godot/three_d/tests/poker_guard_coverage_test.gd::_initialize[key=open_short],output/3d/poker_guard-coverage.json,strong,catalogued_strong,夹具：置 currentBet=0 并令 stack=openBet 减折扣。
table,Godot/three_d/rules/table.gd,legal_actions,60,守卫：currentBet!=0 且 stack<=raise_cost,Godot/three_d/rules/table.gd:71-72,rejected,no,poker_guard.matched_raise_short,Godot/three_d/tests/poker_guard_coverage_test.gd::_initialize[key=matched_raise_short],output/3d/poker_guard-coverage.json,strong,catalogued_strong,夹具：令 p.currentBet==state.currentBet 并压低 stack。
table,Godot/three_d/rules/table.gd,legal_actions,60,守卫：cost>0 且 stack<=cost+raise_cost,Godot/three_d/rules/table.gd:74-74,rejected,no,poker_guard.raise_short,Godot/three_d/tests/poker_guard_coverage_test.gd::_initialize[key=raise_short],output/3d/poker_guard-coverage.json,strong,catalogued_strong,夹具：按当前折扣构造 stack 恰为 cost+raise_cost 的边界。
table,Godot/three_d/rules/table.gd,legal_actions,60,守卫：cost>0 时 check 不可用,Godot/three_d/rules/table.gd:75-75,rejected,no,poker_guard.check_owes,Godot/three_d/tests/poker_guard_coverage_test.gd::_initialize[key=check_owes],output/3d/poker_guard-coverage.json,strong,catalogued_strong,夹具：传 check（面对下注）。table_hud.gd:206 依 view.legal.check 禁用按钮。
table,Godot/three_d/rules/table.gd,legal_actions,60,守卫：cost==0 时 call 不可用,Godot/three_d/rules/table.gd:75-75,rejected,no,poker_guard.call_zero,Godot/three_d/tests/poker_guard_coverage_test.gd::_initialize[key=call_zero],output/3d/poker_guard-coverage.json,strong,catalogued_strong,夹具：令 p.currentBet==state.currentBet 后传 call。
table,Godot/three_d/rules/table.gd,legal_actions,60,守卫：0<stack<cost 时 call 不可用（只能 fold 或 all-in）,Godot/three_d/rules/table.gd:75-75,rejected,no,poker_guard.call_short,Godot/three_d/tests/poker_guard_coverage_test.gd::_initialize[key=call_short],output/3d/poker_guard-coverage.json,strong,catalogued_strong,夹具：p.stack=currentBet-p.currentBet-1。
table,Godot/three_d/rules/table.gd,act,77,守卫：expected_revision 不匹配,Godot/three_d/rules/table.gd:78-79,rejected,unknown,poker_guard.stale_revision,Godot/three_d/tests/poker_guard_coverage_test.gd::_initialize[key=stale_revision],output/3d/poker_guard-coverage.json,strong,catalogued_strong,与 unknown_action 是同一 if 的两个操作数。拒绝后 Checkpoint.capture 全等（test 第39行）。玩家可达性存疑：HUD 在 table_delay 期间被 world.gd:648 拦截 另需 revision 快照过期竞态 无法仅凭源码判定 故记 unknown。
table,Godot/three_d/rules/table.gd,act,77,守卫：kind 不在 fold/check/call/raise/all-in 集合内,Godot/three_d/rules/table.gd:78-79,rejected,no,poker_guard.unknown_action,Godot/three_d/tests/poker_guard_coverage_test.gd::_initialize[key=unknown_action],output/3d/poker_guard-coverage.json,strong,catalogued_strong,UI 只发规范 kind（table_hud.gd:74 列表 与 :76 emit）故玩家路径不可触发；test 用夹具传 allIn（非规范拼写）。属目录化但仅 API 级可达的防御分支。
table,Godot/three_d/rules/table.gd,act,77,custom_raise 接受：raise_target 生效 target=max(minimum; raise_target),Godot/three_d/rules/table.gd:88-93,accepted,yes,poker_action.custom_raise,Godot/three_d/tests/poker_action_coverage_test.gd::_initialize[key=custom_raise],output/3d/poker_action-coverage.json,strong,catalogued_strong,
table,Godot/three_d/rules/table.gd,act,77,守卫：raise_target < minimum（低于最小加注额）,Godot/three_d/rules/table.gd:90-91,rejected,no,poker_guard.below_minimum,Godot/three_d/tests/poker_guard_coverage_test.gd::_initialize[key=below_minimum],output/3d/poker_guard-coverage.json,strong,catalogued_strong,夹具：传 currentBet+raiseIncrement-1。UI 侧 SpinBox min_value=minimum（table_hud.gd:214）封住该输入故为 API 级防御。
table,Godot/three_d/rules/table.gd,act,77,折扣已消耗后同手再进攻按全额扣款,Godot/three_d/rules/table.gd:92-96,accepted,yes,poker_discount.consumed_aggression_full_cost,Godot/three_d/tests/poker_discount_coverage_test.gd::Later aggression pays full open bet after discount consumed,output/3d/poker_discount-coverage.json,strong,catalogued_strong,与 first_aggression_consumes 互补（标志 false 时不进入第94-96行）经真实下注队列推进到下一街再进攻。
table,Godot/three_d/rules/table.gd,act,77,本手首次进攻消耗折扣（实付减 discount 且标志转 false）,Godot/three_d/rules/table.gd:94-96,accepted,yes,poker_discount.first_aggression_consumes,Godot/three_d/tests/poker_discount_coverage_test.gd::First aggression uses configured discount once,output/3d/poker_discount-coverage.json,strong,catalogued_strong,断言 stack 减 30 且 currentBet==40 且标志 false。
table,Godot/three_d/rules/table.gd,act,77,raise 时 stack<=amount → 降级为 all-in,Godot/three_d/rules/table.gd:97-98,accepted,yes,poker_action.raise_to_all_in,Godot/three_d/tests/poker_action_coverage_test.gd::_initialize[key=raise_to_all_in],output/3d/poker_action-coverage.json,strong,catalogued_strong,test 传 target=10000 触发降级；lastAction 记为 all-in。
table,Godot/three_d/rules/table.gd,act,77,raise 接受且 currentBet!=0：消耗本街加注权,Godot/three_d/rules/table.gd:99-103,accepted,yes,poker_action.raise,Godot/three_d/tests/poker_action_coverage_test.gd::_initialize[key=raise],output/3d/poker_action-coverage.json,strong,catalogued_strong,raiseUsed = old_target != 0（第102行）在该分支取 true。
table,Godot/three_d/rules/table.gd,act,77,open 接受且 currentBet==0：按 openBet 作为最小加注,Godot/three_d/rules/table.gd:99-103,accepted,yes,poker_action.open,Godot/three_d/tests/poker_action_coverage_test.gd::_initialize[key=open],output/3d/poker_action-coverage.json,strong,catalogued_strong,与 raise 同一代码块；old_target==0 时 raiseUsed 保持 false 而该后继未被断言 另见 reachable_unmapped 行。
table,Godot/three_d/rules/table.gd,act,77,开注（old_target==0）后本街加注权保持可用,Godot/three_d/rules/table.gd:102-102,phase_condition,yes,-,-,-,none,reachable_unmapped,后继 raiseUsed=old_target!=0 的开注分支；现有 poker_action.open 只断言筹码与 currentBet 与折扣未断言 raiseUsed 故按未映射记。这是断言缺口而非分支缺口。最小复现与应补断言见 notes 第3节。
table,Godot/three_d/rules/table.gd,act,77,fold 接受：folded=true 并在幸存者仅 1 时派彩,Godot/three_d/rules/table.gd:104-105,accepted,yes,poker_action.fold,Godot/three_d/tests/poker_action_coverage_test.gd::_initialize[key=fold],output/3d/poker_action-coverage.json,strong,catalogued_strong,test 断言 player.folded==true 且他家筹码与底牌与 deck 与 community 不变。
table,Godot/three_d/rules/table.gd,act,77,被动动作（fold/call/check）保留首攻折扣,Godot/three_d/rules/table.gd:104-108,accepted,yes,poker_discount.passive_action_preserves,Godot/three_d/tests/poker_discount_coverage_test.gd::Passive action preserves aggression discount,output/3d/poker_discount-coverage.json,strong,catalogued_strong,三种动作各跑一遍并断言标志仍为 true。
table,Godot/three_d/rules/table.gd,act,77,call 接受：补足到 currentBet,Godot/three_d/rules/table.gd:106-108,accepted,yes,poker_action.call,Godot/three_d/tests/poker_action_coverage_test.gd::_initialize[key=call],output/3d/poker_action-coverage.json,strong,catalogued_strong,
table,Godot/three_d/rules/table.gd,act,77,all-in 接受：提交全部筹码并按是否抬高目标重建队列,Godot/three_d/rules/table.gd:109-117,accepted,yes,poker_action.all_in,Godot/three_d/tests/poker_action_coverage_test.gd::_initialize[key=all_in],output/3d/poker_action-coverage.json,strong,catalogued_strong,
table,Godot/three_d/rules/table.gd,act,77,短额全押（target<=currentBet）：不重开队列,Godot/three_d/rules/table.gd:109-117,accepted,yes,queue.short_all_in,Godot/three_d/tests/short_stack_queue_test.gd::short_all_in,output/3d/queue-coverage.json,strong,catalogued_strong,reset_queue=target>currentBet（第113行）为假故走第132-134行前移；断言 toAct 与 raiseUsed 不变 与筹码守恒。
table,Godot/three_d/rules/table.gd,act,77,恰好跟注耗尽筹码（all-in 等同跟注）,Godot/three_d/rules/table.gd:109-117,accepted,yes,queue.exact_call_all_in,Godot/three_d/tests/short_stack_queue_test.gd::exact_call_all_in,output/3d/queue-coverage.json,strong,catalogued_strong,四个桌规乘三个座位各跑一次（seat_variant_cases）。
table,Godot/three_d/rules/table.gd,act,77,全押抬高目标 → 召回先前跟注者,Godot/three_d/rules/table.gd:113-117,accepted,yes,queue.all_in_raise_reopens_prior_caller,Godot/three_d/tests/short_stack_queue_test.gd::all_in_raise_reopens_prior_caller,output/3d/queue-coverage.json,strong,catalogued_strong,断言 currentBet==all_in_target 与 toAct 顺序 与 raiseUsed。
table,Godot/three_d/rules/table.gd,act,77,短额全押抬高目标但不重开加注权（一街一加注）,Godot/three_d/rules/table.gd:113-117,accepted,yes,queue.short_all_in_raise_one_raise_rule,Godot/three_d/tests/short_stack_queue_test.gd::short_all_in_raise_one_raise_rule,output/3d/queue-coverage.json,strong,catalogued_strong,raiseUsed=true 与折扣清零；被召回者 legal.raise==false（test 第269行）。
table,Godot/three_d/rules/table.gd,act,77,check 接受：无独立分支 效果为 lastAction 记录与队列前移,Godot/three_d/rules/table.gd:118-134,accepted,yes,poker_action.check,Godot/three_d/tests/poker_action_coverage_test.gd::_initialize[key=check],output/3d/poker_action-coverage.json,strong,catalogued_strong,check 不进入第104-117行的 if/elif；接受条件在 legal_actions:75（cost==0）效果经第132-134行前移队列。
table,Godot/three_d/rules/table.gd,act,77,玩家加注或全押时累加 playerPattern.raiseCount（仅 id==player）,Godot/three_d/rules/table.gd:119-120,mutually_exclusive,yes,poker.player_raise_pattern,Godot/three_d/tests/poker_action_coverage_test.gd::poker.player_raise_pattern,output/3d/poker_action-coverage.json;output/3d/regression/20260925-120721/report.json,strong,catalogued_strong,入口测试分别执行玩家 raise、玩家 all-in 与对手 raise；玩家两种侵略动作将 playerPattern.raiseCount 加一，而对手动作保持为零，验证画像只统计玩家行为。
table,Godot/three_d/rules/table.gd,act,77,仅剩一人未弃牌 → 该人收下底池并结束本手,Godot/three_d/rules/table.gd:124-129,accepted,yes,ending.fold_award,Godot/three_d/tests/table_endings_test.gd::Fold winner receives exact pot,output/3d/ending-coverage.json,strong,catalogued_strong,断言 winner.stack==prior+pot 且 summary.awards 恰为该人的底池。
table,Godot/three_d/rules/table.gd,act,77,普通加注召回先前已行动者,Godot/three_d/rules/table.gd:130-131,accepted,yes,queue.raise_reopens_prior_caller,Godot/three_d/tests/short_stack_queue_test.gd::raise_reopens_prior_caller,output/3d/queue-coverage.json,strong,catalogued_strong,set_queue(ordered_after(seat;false)) 从加注者之后重建队列。
table,Godot/three_d/rules/table.gd,act,77,全员匹配 → 本轮清空队列,Godot/three_d/rules/table.gd:132-134,accepted,yes,queue.matched_round_ends,Godot/three_d/tests/short_stack_queue_test.gd::matched_round_ends,output/3d/queue-coverage.json,strong,catalogued_strong,断言 toAct 空且 currentActorId 空。
table,Godot/three_d/rules/table.gd,set_queue,137,仅一名有筹码者且仍欠跟注 → 保留其行动,Godot/three_d/rules/table.gd:141-144,phase_condition,yes,queue.lone_funded_owes,Godot/three_d/tests/short_stack_queue_test.gd::lone_funded_owes,output/3d/queue-coverage.json,strong,catalogued_strong,对外触发入口为 act:131/134 与 advance:170。断言 currentActorId==player 与 toAct==[player]。
table,Godot/three_d/rules/table.gd,set_queue,137,仅一名有筹码者且已跟平 → 清空队列（跳过下注）,Godot/three_d/rules/table.gd:141-142,phase_condition,yes,queue.lone_funded_matched,Godot/three_d/tests/short_stack_queue_test.gd::lone_funded_matched,output/3d/queue-coverage.json,strong,catalogued_strong,
table,Godot/three_d/rules/table.gd,advance,146,守卫：expected_revision 不匹配,Godot/three_d/rules/table.gd:147-148,rejected,yes,poker_progress.advance_stale,Godot/three_d/tests/poker_progress_coverage_test.gd::advance_stale,output/3d/poker_progress-coverage.json,strong,catalogued_strong,test 传 revision-1 并断言 capture 全等。世界层用权威 revision 调用（world.gd:688）。
table,Godot/three_d/rules/table.gd,advance,146,守卫：仍有 currentActorId（本街未走完）,Godot/three_d/rules/table.gd:147-148,rejected,yes,poker_progress.actor_pending,Godot/three_d/tests/poker_progress_coverage_test.gd::actor_pending,output/3d/poker_progress-coverage.json,strong,catalogued_strong,开局预翻牌即有行动者 玩家打完本街自然到达。
table,Godot/three_d/rules/table.gd,advance,146,守卫：status != playing（已结束的手不能重复结算）,Godot/three_d/rules/table.gd:147-148,rejected,yes,poker_progress.advance_finished_hand,Godot/three_d/tests/poker_progress_coverage_test.gd::advance_finished_hand,output/3d/poker_progress-coverage.json,strong,catalogued_strong,
table,Godot/three_d/rules/table.gd,advance,146,river 后再推进 → 摊牌结算并 finish_hand,Godot/three_d/rules/table.gd:150-161,accepted,yes,poker_progress.showdown,Godot/three_d/tests/poker_progress_coverage_test.gd::showdown,output/3d/poker_progress-coverage.json,strong,catalogued_strong,断言 summary.kind==showdown 与 summary.pot 与各座到账与 status==hand_over 与 toAct 空 与 pendingNextHand。
table,Godot/three_d/rules/table.gd,advance,146,发牌跑完后摊牌且筹码守恒,Godot/three_d/rules/table.gd:150-161,accepted,yes,queue.runout_showdown_conserves,Godot/three_d/tests/short_stack_queue_test.gd::runout_showdown_conserves,output/3d/queue-coverage.json,strong,catalogued_strong,
table,Godot/three_d/rules/table.gd,advance,146,flop：发 3 张公共牌并重置本街下注,Godot/three_d/rules/table.gd:163-165,accepted,yes,poker_progress.flop,Godot/three_d/tests/poker_progress_coverage_test.gd::flop,output/3d/poker_progress-coverage.json,strong,catalogued_strong,断言 community 与 deck 与 rng 与 currentBet 与 currentActorId 的具体后值。
table,Godot/three_d/rules/table.gd,advance,146,turn：发 1 张公共牌并重置本街下注,Godot/three_d/rules/table.gd:163-169,accepted,yes,poker_progress.turn,Godot/three_d/tests/poker_progress_coverage_test.gd::turn,output/3d/poker_progress-coverage.json,strong,catalogued_strong,
table,Godot/three_d/rules/table.gd,advance,146,river：发 1 张公共牌并重置本街下注,Godot/three_d/rules/table.gd:163-169,accepted,yes,poker_progress.river,Godot/three_d/tests/poker_progress_coverage_test.gd::river,output/3d/poker_progress-coverage.json,strong,catalogued_strong,
table,Godot/three_d/rules/table.gd,advance,146,单人局自动发完公共牌（无幽灵行动）,Godot/three_d/rules/table.gd:164-170,accepted,yes,queue.lone_funded_runout,Godot/three_d/tests/short_stack_queue_test.gd::lone_funded_runout,output/3d/queue-coverage.json,strong,catalogued_strong,逐街断言 street 与 toAct 空 与 deck/community 具体后值。
table,Godot/three_d/rules/table.gd,finish_hand,174,仅剩一名有筹码者 → 结论本桌,Godot/three_d/rules/table.gd:176-179,phase_condition,yes,ending.single_funded,Godot/three_d/tests/table_endings_test.gd::Terminal exact player wealth,output/3d/ending-coverage.json,strong,catalogued_strong,夹具为河牌全押局面（test 第31-45行直接改内部字段造状态）；断言 players[0].stack==3*buyIn 且仅 1 人有筹码。
table,Godot/three_d/rules/table.gd,finish_hand,174,玩家破产（players[0].stack<=0）→ 结论本桌,Godot/three_d/rules/table.gd:176-179,phase_condition,yes,ending.player_bankrupt,Godot/three_d/tests/table_endings_test.gd::Terminal exact player wealth,output/3d/ending-coverage.json,strong,catalogued_strong,同上夹具的对称分支；断言 players[0].stack==0 且 2 人有筹码。
table,Godot/three_d/rules/table.gd,finish_hand,174,达到手数上限 → 结束整桌,Godot/three_d/rules/table.gd:177-179,phase_condition,yes,ending.hand_limit,Godot/three_d/tests/table_endings_test.gd::Hand limit decides conclusion,output/3d/ending-coverage.json,strong,catalogued_strong,目录 entry 记作 act/advance/next_hand（按调用方登记）实现点在第177行；断言 status==finished 与 pendingConclusion。
table,Godot/three_d/rules/table.gd,finish_hand,174,未达上限 → hand_over 且允许下一手,Godot/three_d/rules/table.gd:177-179,mutually_exclusive,yes,ending.continue_hand,Godot/three_d/tests/table_endings_test.gd::Hand limit decides conclusion,output/3d/ending-coverage.json,strong,catalogued_strong,与 hand_limit 同一析取式的互补分支；断言 pendingNextHand==true。
table,Godot/three_d/rules/table.gd,next_hand,185,守卫：expected_revision 不匹配,Godot/three_d/rules/table.gd:186-187,rejected,yes,poker_progress.next_stale,Godot/three_d/tests/poker_progress_coverage_test.gd::next_stale,output/3d/poker_progress-coverage.json,strong,catalogued_strong,
table,Godot/three_d/rules/table.gd,next_hand,185,守卫：status == playing（本手未结束）,Godot/three_d/rules/table.gd:186-187,rejected,yes,poker_progress.next_while_playing,Godot/three_d/tests/poker_progress_coverage_test.gd::next_while_playing,output/3d/poker_progress-coverage.json,strong,catalogued_strong,
table,Godot/three_d/rules/table.gd,next_hand,185,守卫：整桌已结束（finished）后拒绝重开,Godot/three_d/rules/table.gd:186-187,rejected,yes,ending.finished_guard,Godot/three_d/tests/table_endings_test.gd::Finished table cannot restart,output/3d/ending-coverage.json,strong,catalogued_strong,断言 capture 全等。
table,Godot/three_d/rules/table.gd,next_hand,185,接受：handNumber+1 并 start_hand(true) 重开一手,Godot/three_d/rules/table.gd:188-189,accepted,yes,poker_progress.next_hand,Godot/three_d/tests/poker_progress_coverage_test.gd::next_hand,output/3d/poker_progress-coverage.json,strong,catalogued_strong,断言 handNumber==2 与 pot==smallBlind+openBet 与 dealerSeat 与各家 holeCards 与筹码守恒。
table,Godot/three_d/rules/table.gd,find_player,192,非转移：按 id 查座位字典,Godot/three_d/rules/table.gd:192-196,phase_condition,yes,-,-,-,none,unreachable_or_not_transition,纯查询；返回 state.players 内元素的引用（调用方若改写会直接改权威状态）本审计未发现调用方改写。
table,Godot/three_d/rules/table.gd,log_event,198,非转移：向 state.log 追加并裁到 8 条环形缓冲,Godot/three_d/rules/table.gd:198-201,accepted,yes,-,-,-,none,unreachable_or_not_transition,无分支且无接受或拒绝语义故不算转移；但 state.log 是 state 内字段并随 capture 持久化（table_checkpoint.gd:6）且 UI 读取（table_hud.gd:221）因此日志内容目前无任何断言。调用点 table.gd:52 与 123 与 171 与 183。
table,Godot/three_d/rules/table.gd,public_state,203,非转移：构造对外视图（删 deck 并遮盖他家底牌）,Godot/three_d/rules/table.gd:203-211,phase_condition,yes,-,-,-,none,unreachable_or_not_transition,深拷贝后删 deck；遮盖条件在第209行按 status 与 summary.kind 分支属视图策略；被 table_test.gd:60-61 与 table_checkpoint_test.gd:38 断言但不改变权威状态。
table_checkpoint,Godot/three_d/rules/table_checkpoint.gd,capture,5,捕获快照三字段 state/revision/rngValue,Godot/three_d/rules/table_checkpoint.gd:5-6,accepted,yes,persistence_capture.table_fields_complete,Godot/three_d/tests/persistence_capture_coverage_test.gd::table_fields_complete,output/3d/persistence-capture-coverage.json,strong,catalogued_strong,test 第52行断言 size==3 且三键齐全；第50行断言 state 与 live 相等且 revision 与 rngValue 相等。
table_checkpoint,Godot/three_d/rules/table_checkpoint.gd,capture,5,快照深拷贝：改快照不影响活牌桌,Godot/three_d/rules/table_checkpoint.gd:6-6,accepted,yes,persistence_capture.table_snapshot_isolated,Godot/three_d/tests/persistence_capture_coverage_test.gd::table_snapshot_isolated,output/3d/persistence-capture-coverage.json,strong,catalogued_strong,test 第55-58行清空快照的 holeCards/deck 并加 pot 后断言 capture 仍等于原值且活牌桌 holeCards==2 与 deck==46。
table_checkpoint,Godot/three_d/rules/table_checkpoint.gd,restore,8,拒绝：快照缺 state 或 revision 或 rngValue 或类型不符,Godot/three_d/rules/table_checkpoint.gd:9-10,rejected,yes,persistence_table.invalid_snapshot_rejected,Godot/three_d/tests/table_checkpoint_test.gd::Malformed snapshot rejected,output/3d/persistence-table-coverage.json,strong,catalogued_strong,与第11-48行其余拒绝行共享同一 ID（同一后继：返回 null 且不动调用方状态）；invalid_cases==15 聚合门（test 第90行）。test 第82-84行传空字典。
table_checkpoint,Godot/three_d/rules/table_checkpoint.gd,restore,8,拒绝：revision<0 或 rngValue 越界,Godot/three_d/rules/table_checkpoint.gd:11-12,rejected,yes,persistence_table.invalid_snapshot_rejected,Godot/three_d/tests/table_checkpoint_test.gd::Reject invalid metadata,output/3d/persistence-table-coverage.json,strong,catalogued_strong,test 第53-59行各跑 negative_revision 与 rng_overflow 并断言 capture(sample)==good。
table_checkpoint,Godot/three_d/rules/table_checkpoint.gd,restore,8,拒绝：缺 tableDef/players/deck/community/toAct 等必填键,Godot/three_d/rules/table_checkpoint.gd:14-15,rejected,yes,persistence_table.invalid_snapshot_rejected,Godot/three_d/tests/table_checkpoint_test.gd::Reject malformed table state: bad_definition,output/3d/persistence-table-coverage.json,strong,catalogued_strong,同 ID。bad_definition 会在第17行被二次拦截。
table_checkpoint,Godot/three_d/rules/table_checkpoint.gd,restore,8,拒绝：tableDef 的 buyIn 或 opponentIds 不合法,Godot/three_d/rules/table_checkpoint.gd:17-18,rejected,yes,persistence_table.invalid_snapshot_rejected,Godot/three_d/tests/table_checkpoint_test.gd::Reject malformed table state: bad_definition,output/3d/persistence-table-coverage.json,strong,catalogued_strong,同 ID；断言 buyIn 为正整数并恰 2 名对手（与三家座位结构绑定）。
table_checkpoint,Godot/three_d/rules/table_checkpoint.gd,restore,8,拒绝：players.size()!=3 或 status 或 seed 或 handNumber 或 totalHands 不合法,Godot/three_d/rules/table_checkpoint.gd:19-20,rejected,yes,persistence_table.invalid_snapshot_rejected,Godot/three_d/tests/table_checkpoint_test.gd::Reject malformed table state: bad_status,output/3d/persistence-table-coverage.json,strong,catalogued_strong,同 ID。handNumber 必须在 1 到 totalHands 之间。
table_checkpoint,Godot/three_d/rules/table_checkpoint.gd,restore,8,拒绝：pot 或 currentActorId 或 currentBet 类型或负值不合法,Godot/three_d/rules/table_checkpoint.gd:21-22,rejected,yes,persistence_table.invalid_snapshot_rejected,Godot/three_d/tests/table_checkpoint_test.gd::Reject malformed table state: bad_bet,output/3d/persistence-table-coverage.json,strong,catalogued_strong,同 ID；bad_bet（currentBet=-1）在第32-33行先被拦。
table_checkpoint,Godot/three_d/rules/table_checkpoint.gd,restore,8,拒绝：单座位 id 或 seatIndex 或 stack 不匹配,Godot/three_d/rules/table_checkpoint.gd:30-31,rejected,yes,persistence_table.invalid_snapshot_rejected,Godot/three_d/tests/table_checkpoint_test.gd::Reject malformed table state: bad_player,output/3d/persistence-table-coverage.json,strong,catalogued_strong,同 ID；座位顺序必须是 [player]+opponentIds 且 seatIndex 等于下标。
table_checkpoint,Godot/three_d/rules/table_checkpoint.gd,restore,8,拒绝：单座位 currentBet 或 handContribution 或 folded 或 holeCards 不合法,Godot/three_d/rules/table_checkpoint.gd:32-33,rejected,yes,persistence_table.invalid_snapshot_rejected,Godot/three_d/tests/table_checkpoint_test.gd::Reject malformed table state: bad_bet,output/3d/persistence-table-coverage.json,strong,catalogued_strong,同 ID。
table_checkpoint,Godot/three_d/rules/table_checkpoint.gd,restore,8,拒绝：currentBet > handContribution,Godot/three_d/rules/table_checkpoint.gd:34-35,rejected,yes,persistence_table.current_bet_consistent,Godot/three_d/tests/table_checkpoint_test.gd::Reject malformed table state: current_bet_over_contribution,output/3d/persistence-table-coverage.json,strong,catalogued_strong,test 第74行把 players[1].currentBet 加 1 触发；current_bet_mismatch_cases==2 门（第94行）。
table_checkpoint,Godot/three_d/rules/table_checkpoint.gd,restore,8,拒绝：底牌或公共牌或牌堆出现重复牌或非法牌,Godot/three_d/rules/table_checkpoint.gd:39-42,rejected,yes,persistence_table.invalid_snapshot_rejected,Godot/three_d/tests/table_checkpoint_test.gd::Reject malformed table state: duplicate_card,output/3d/persistence-table-coverage.json,strong,catalogued_strong,同 ID；duplicate_card 把 deck[0] 换成已有底牌。
table_checkpoint,Godot/three_d/rules/table_checkpoint.gd,restore,8,拒绝：52 张牌不唯一或不完整 / 拒绝：chips（playing 时再加 pot）!= buyIn*3,Godot/three_d/rules/table_checkpoint.gd:43-43,rejected,yes,persistence_table.invalid_snapshot_rejected,Godot/three_d/tests/table_checkpoint_test.gd::Reject malformed table state: missing_card;Godot/three_d/tests/table_checkpoint_test.gd::Reject malformed table state: extra_chips,output/3d/persistence-table-coverage.json,strong,catalogued_strong,同 ID；missing_card 弹掉一张牌使 seen.size()<52。
table_checkpoint,Godot/three_d/rules/table_checkpoint.gd,restore,8,拒绝：三家累计投入之和 != pot,Godot/three_d/rules/table_checkpoint.gd:43-43,rejected,yes,persistence_table.contribution_total_consistent,Godot/three_d/tests/table_checkpoint_test.gd::Reject malformed table state: contribution_over_pot,output/3d/persistence-table-coverage.json,strong,catalogued_strong,test 第71-72行分别做正偏与负偏；contribution_mismatch_cases==2 门（第92行）。
table_checkpoint,Godot/three_d/rules/table_checkpoint.gd,restore,8,拒绝：playing 时 max(player.currentBet) != state.currentBet,Godot/three_d/rules/table_checkpoint.gd:43-43,rejected,yes,persistence_table.current_bet_consistent,Godot/three_d/tests/table_checkpoint_test.gd::Reject malformed table state: current_bet_mismatch,output/3d/persistence-table-coverage.json,strong,catalogued_strong,该等式仅在 status==playing 时要求；hand_over 与 finished 状态放宽此约束而该放宽路径无断言。
table_checkpoint,Godot/three_d/rules/table_checkpoint.gd,restore,8,拒绝：toAct 含非预期 id,Godot/three_d/rules/table_checkpoint.gd:45-46,rejected,yes,persistence_table.invalid_snapshot_rejected,Godot/three_d/tests/table_checkpoint_test.gd::Reject malformed table state: bad_actor,output/3d/persistence-table-coverage.json,strong,catalogued_strong,同 ID；bad_actor 把 currentActorId 改成 ghost。
table_checkpoint,Godot/three_d/rules/table_checkpoint.gd,restore,8,拒绝：currentActorId != toAct[0],Godot/three_d/rules/table_checkpoint.gd:47-48,rejected,yes,persistence_table.invalid_snapshot_rejected,Godot/three_d/tests/table_checkpoint_test.gd::Reject malformed table state: bad_actor,output/3d/persistence-table-coverage.json,strong,catalogued_strong,同 ID。
table_checkpoint,Godot/three_d/rules/table_checkpoint.gd,restore,8,接受：重建 Table 并原样回填 revision 与 rng.value（不推进 RNG）,Godot/three_d/rules/table_checkpoint.gd:49-54,accepted,yes,persistence_table.rng_replay,Godot/three_d/tests/table_checkpoint_test.gd::Continuation preserves deck next hand RNG and settlement,output/3d/persistence-table-coverage.json,strong,catalogued_strong,两桌乘 10 种子逐动作边界对照共 660 次（test 第30-47行）断言继续后 capture(copy)==capture(original)。
table_checkpoint,Godot/three_d/rules/table_checkpoint.gd,valid_card,56,非转移：牌结构与去重校验,Godot/three_d/rules/table_checkpoint.gd:56-64,phase_condition,yes,-,-,-,none,unreachable_or_not_transition,被 restore:40 与 42 复用；只写传入的 seen 字典。
world,Godot/three_d/scripts/world.gd,_ready,71,configure_playtest 失败 → push_error + get_tree().quit(1),Godot/three_d/scripts/world.gd:72-75,rejected,no,-,Godot/three_d/tests/playtest_seed_test.gd::Reject invalid argument,-,weak,unreachable_or_not_transition,仅非法 CLI 启动可达（--playtest-seed 无值/越界/重复）。playtest_seed_test.gd:14-17 只断言 configure_playtest 谓词返回 false，未断言 quit(1) 路径。
world,Godot/three_d/scripts/world.gd,_ready,71,正常构建：材质/灯光/道具/四房/UI/玩家，并连接三个 player 信号,Godot/three_d/scripts/world.gd:76-99,accepted,yes,-,-,-,none,unreachable_or_not_transition,生命周期构造。连接点：world.gd:95 interaction_requested→request_action、:96 focus_changed→show_focus、:97 pause_requested→toggle_pause。
world,Godot/three_d/scripts/world.gd,_ready,71,非 --test → 捕获鼠标；非 --test 且 playtest_seed==0 → load_checkpoint(),Godot/three_d/scripts/world.gd:100-105,accepted,yes,persistence_restore.missing_checkpoint_recovered,Godot/three_d/tests/services_save_test.gd::Startup loader restores and pauses for user,-,strong,catalogued_strong,恢复成功路径的后继：saving_enabled=true 且 pause_game()（paused=true）。测试环境带 --test 跳过本行，故测试改由显式 load_checkpoint() 覆盖。
world,Godot/three_d/scripts/world.gd,_ready,71,非 --test → 捕获鼠标；非 --test 且 playtest_seed==0 → load_checkpoint(),Godot/three_d/scripts/world.gd:100-105,accepted,yes,persistence_restore.valid,Godot/three_d/tests/services_save_test.gd::Startup loader restores and pauses for user,-,strong,catalogued_strong,恢复成功路径的后继：saving_enabled=true 且 pause_game()（paused=true）。测试环境带 --test 跳过本行，故测试改由显式 load_checkpoint() 覆盖。
world,Godot/three_d/scripts/world.gd,_ready,71,playtest_seed>0 → save_notice 提示本次不读写正式存档,Godot/three_d/scripts/world.gd:106-107,not_a_transition,yes,-,Godot/three_d/tests/playtest_seed_test.gd::Playtest does not load or enable persistence,-,weak,unreachable_or_not_transition,playtest_seed 只决定是否显示 save_notice；此分支不改变权威 Run、World 或存档状态，不计为状态转移。
world,Godot/three_d/scripts/world.gd,configure_playtest,109,'--playtest-seed' 缺值 / '=N' 非法或越界 / 重复指定 → false,Godot/three_d/scripts/world.gd:111-116,rejected,no,-,Godot/three_d/tests/playtest_seed_test.gd::Reject invalid argument,-,strong,unreachable_or_not_transition,CLI 解析，非世界状态转移；测试断言返回值（7 组非法参数），谓词级强证据。
world,Godot/three_d/scripts/world.gd,configure_playtest,109,合法 seed → 重置 playtest_trace_path 并记录 playtest_seed,Godot/three_d/scripts/world.gd:117-120,accepted,yes,-,Godot/three_d/tests/playtest_seed_test.gd::Valid fixed seed,-,weak,unreachable_or_not_transition,只核 playtest_seed==0/==20260922；trace 路径重置未断言。
world,Godot/three_d/scripts/world.gd,trace_playtest,122,playtest_seed==0 → 直接返回（非试玩不写 trace）,Godot/three_d/scripts/world.gd:122-124,rejected,yes,-,-,-,none,unreachable_or_not_transition,日志写盘（jsonl）而非游戏状态。测试以 trace 文件行数间接断言（playtest_seed_test.gd:29-33）。
world,Godot/three_d/scripts/world.gd,configure_input,143,InputMap 缺动作才注册（WASD/E/Esc/B）,Godot/three_d/scripts/world.gd:143-150,accepted,yes,-,-,-,none,unreachable_or_not_transition,输入映射配置（幂等）；是 player/world _unhandled_input 键位的前提（B 键见 world.gd:144）。
world,Godot/three_d/scripts/world.gd,make_materials,152,构建 8 种材质（含木/墙/地/布贴图与法线）,Godot/three_d/scripts/world.gd:152-170,accepted,yes,-,-,-,none,unreachable_or_not_transition,展示资源。
world,Godot/three_d/scripts/world.gd,box,172,solid=true → StaticBody3D+BoxShape(collision_layer=1)；solid=false → 仅 Node3D,Godot/three_d/scripts/world.gd:172-192,accepted,yes,-,-,-,none,unreachable_or_not_transition,构造辅助。solid 决定是否参与射线遮挡——是 world.raycast_occluded 的物理前提（测试用 world.box 现造遮挡体，world_coverage_test.gd:52）。
world,Godot/three_d/scripts/world.gd,room_shell,194,按房间名生成墙体（Tavern 后墙留门洞；Stash 右墙留窗洞）,Godot/three_d/scripts/world.gd:194-219,accepted,yes,-,-,-,none,unreachable_or_not_transition,构造辅助。
world,Godot/three_d/scripts/world.gd,build_stash,221,构造藏匿点：皮箱盖 lid/case_target、门 door_target(enter_tavern)、台灯、道具、细节资产,Godot/three_d/scripts/world.gd:221-246,accepted,yes,-,-,-,none,unreachable_or_not_transition,构造期；lid_open_rotation 在 :229 捕获，case 两向补间目标由此派生；case_target 初值为 toggle_case/『合上皮箱』而 case_open 初值 true，故首次交互是『合上』。
world,Godot/three_d/scripts/world.gd,build_tavern,248,构造四室：BarService(services)/TableSeat(sit)/ExitNoticeTarget(discover_exit)/各门/search 锚点/座位相机,Godot/three_d/scripts/world.gd:248-310,accepted,yes,-,-,-,none,unreachable_or_not_transition,构造期；action_id 决定 request_action 的 match 分派。seat_camera 与 table_rooms[room_name] 在 :302-308 建立，active_table_id 由 select_table_room 决定。
world,Godot/three_d/scripts/world.gd,target,312,创建 Interactable 锚点（action_id/title/collision_layer=2）,Godot/three_d/scripts/world.gd:312-326,accepted,yes,-,-,-,none,unreachable_or_not_transition,构造辅助；『所有锚点成对创建』是 scene_props 未注册 id 不可达结论的依据。
world,Godot/three_d/scripts/world.gd,make_door,328,生成门体（非实体）+ DoorTarget 锚点,Godot/three_d/scripts/world.gd:328-332,accepted,yes,-,-,-,none,unreachable_or_not_transition,构造辅助（门体 solid=false，不阻挡射线）。
world,Godot/three_d/scripts/world.gd,build_lighting,334,环境背景/环境光/色调映射,Godot/three_d/scripts/world.gd:334-344,accepted,yes,-,-,-,none,unreachable_or_not_transition,展示。
world,Godot/three_d/scripts/world.gd,point_light,346,创建 OmniLight3D,Godot/three_d/scripts/world.gd:346-354,accepted,yes,-,-,-,none,unreachable_or_not_transition,展示；壁灯/台灯道具的 node 由此创建后被 props 注册（灯光能量即道具状态）。
world,Godot/three_d/scripts/world.gd,build_ui,356,构建 HUD 并连接信号：seat_panel 四信号、run_panel 按钮、services_panel requested/closed、scene_choice.item_selected,Godot/three_d/scripts/world.gd:356-433,accepted,yes,-,-,-,none,unreachable_or_not_transition,构造期；这些连接是各公开入口的玩家入口（按钮/lambda）。各 slot 的语义在各自行登记（:381-384 seat_panel、:385/406/411/415/421 run_panel、:426-427 services_panel）。
world,Godot/three_d/scripts/world.gd,label,435,创建 Label（统一字体/颜色/阴影）,Godot/three_d/scripts/world.gd:435-445,accepted,yes,-,-,-,none,unreachable_or_not_transition,展示构造。
world,Godot/three_d/scripts/world.gd,make_panel,447,创建 PanelContainer+heading/body/button（回调注入）,Godot/three_d/scripts/world.gd:447-470,accepted,yes,-,-,-,none,unreachable_or_not_transition,展示构造；pause_panel 的按钮回调为 resume（world.gd:378）。
world,Godot/three_d/scripts/world.gd,show_focus,472,focus_changed 信号回调：hint_label.text = focus.prompt() 或空,Godot/three_d/scripts/world.gd:472-474,accepted,yes,world.focus_acquired,Godot/three_d/tests/world_coverage_test.gd::focus_acquired,output/3d/world-coverage.json,strong,catalogued_strong,★信号回调（类型：信号回调），纯 UI 展示 → 语义上排除；但它是 interactable_disabled『显示原因』的渲染点，也是 focus/hint 断言的主语。hint_label 为空时静默跳过（:473 守卫）。
world,Godot/three_d/scripts/world.gd,show_focus,472,focus_changed 信号回调：hint_label.text = focus.prompt() 或空,Godot/three_d/scripts/world.gd:472-474,accepted,yes,world.focus_cleared,Godot/three_d/tests/world_coverage_test.gd::focus_acquired,output/3d/world-coverage.json,strong,catalogued_strong,★信号回调（类型：信号回调），纯 UI 展示 → 语义上排除；但它是 interactable_disabled『显示原因』的渲染点，也是 focus/hint 断言的主语。hint_label 为空时静默跳过（:473 守卫）。
world,Godot/three_d/scripts/world.gd,show_focus,472,focus_changed 信号回调：hint_label.text = focus.prompt() 或空,Godot/three_d/scripts/world.gd:472-474,accepted,yes,world.interactable_disabled,Godot/three_d/tests/world_coverage_test.gd::focus_acquired,output/3d/world-coverage.json,strong,catalogued_strong,★信号回调（类型：信号回调），纯 UI 展示 → 语义上排除；但它是 interactable_disabled『显示原因』的渲染点，也是 focus/hint 断言的主语。hint_label 为空时静默跳过（:473 守卫）。
world,Godot/three_d/scripts/world.gd,request_action,476,paused → return false,Godot/three_d/scripts/world.gd:477-477,rejected,yes,world.pause_guard,Godot/three_d/tests/world_coverage_test.gd::pause_guard,output/3d/world-coverage.json,strong,catalogued_strong,独立复核确认 A4：pause_game 置 controls_enabled=false（:603），故该合取项在自然路径被 not can_interact 掩盖；A4 探针用 A4ISO 隔离 controls_enabled 证明该合取项本身生效。★按 §2 要求把合并 if 的六个合取项分列。
world,Godot/three_d/scripts/world.gd,request_action,476,run_panel.visible → return false / services_panel.visible → return false,Godot/three_d/scripts/world.gd:477-477,rejected,yes,world.modal_guard,Godot/three_d/tests/world_coverage_test.gd::modal_guard,output/external-handoff/A4/a4-world-probe.log;output/3d/world-coverage.json,strong,catalogued_strong,★当前源码下该合取项没有 tests/ 常驻断言：world_coverage_test.gd:96 的 modal_guard 是服务面板可见的情形。run_panel 可见时的 request_action 拒绝仅有 A4 探针（docs/3d-production/external-handoff/A4-world-audit/repro/a4_world_probe.gd，日志 output/external-handoff/A4/a4-world-probe.log，guard_run_panel_isolated PASS）给出快照断言。
world,Godot/three_d/scripts/world.gd,request_action,476,seated → return false,Godot/three_d/scripts/world.gd:477-477,rejected,yes,world.seated_world_action_rejected,Godot/three_d/tests/world_coverage_test.gd::seated_world_action_rejected,output/3d/world-coverage.json,strong,catalogued_strong,测试 :196-198 在真实入座后请求灯具锚点，断言拒绝且完整世界快照不变。注：:197 直接写 world.player.focused（夹具造态），但 can_interact→update_focus 会立即按射线重算覆盖它，故该写入不构成前置。
world,Godot/three_d/scripts/world.gd,request_action,476,action_busy → return false,Godot/three_d/scripts/world.gd:477-477,rejected,yes,world.busy_guard,Godot/three_d/tests/world_coverage_test.gd::busy_guard,output/3d/world-coverage.json,strong,catalogued_strong,独立复核确认：action_busy 是唯一不关 controls_enabled 的守卫（scene_props.gd:14/17 只动 busy），因此在公开入口下可独立观测。测试 :62-63。
world,Godot/three_d/scripts/world.gd,request_action,476,not player.can_interact(anchor) → return false,Godot/three_d/scripts/world.gd:477-477,rejected,yes,world.raycast_unfocused,Godot/three_d/tests/world_coverage_test.gd::raycast_unfocused,output/3d/world-coverage.json,strong,catalogued_strong,第七个合取项；五个子原因在 player.gd 各行（15-20）分列。注意：本合取项在每个 request_action 调用中都会被求值（无短路），因此 can_interact 的 update_focus 副作用总是发生。
world,Godot/three_d/scripts/world.gd,request_action,476,not player.can_interact(anchor) → return false,Godot/three_d/scripts/world.gd:477-477,rejected,yes,world.raycast_out_of_reach,Godot/three_d/tests/world_coverage_test.gd::raycast_unfocused,output/3d/world-coverage.json,strong,catalogued_strong,第七个合取项；五个子原因在 player.gd 各行（15-20）分列。注意：本合取项在每个 request_action 调用中都会被求值（无短路），因此 can_interact 的 update_focus 副作用总是发生。
world,Godot/three_d/scripts/world.gd,request_action,476,not player.can_interact(anchor) → return false,Godot/three_d/scripts/world.gd:477-477,rejected,yes,world.raycast_occluded,Godot/three_d/tests/world_coverage_test.gd::raycast_unfocused,output/3d/world-coverage.json,strong,catalogued_strong,第七个合取项；五个子原因在 player.gd 各行（15-20）分列。注意：本合取项在每个 request_action 调用中都会被求值（无短路），因此 can_interact 的 update_focus 副作用总是发生。
world,Godot/three_d/scripts/world.gd,request_action,476,not player.can_interact(anchor) → return false,Godot/three_d/scripts/world.gd:477-477,rejected,yes,world.focus_controls_disabled,Godot/three_d/tests/world_coverage_test.gd::raycast_unfocused,output/3d/world-coverage.json,strong,catalogued_strong,第七个合取项；五个子原因在 player.gd 各行（15-20）分列。注意：本合取项在每个 request_action 调用中都会被求值（无短路），因此 can_interact 的 update_focus 副作用总是发生。
world,Godot/three_d/scripts/world.gd,request_action,476,not player.can_interact(anchor) → return false,Godot/three_d/scripts/world.gd:477-477,rejected,yes,world.interactable_disabled,Godot/three_d/tests/world_coverage_test.gd::raycast_unfocused,output/3d/world-coverage.json,strong,catalogued_strong,第七个合取项；五个子原因在 player.gd 各行（15-20）分列。注意：本合取项在每个 request_action 调用中都会被求值（无短路），因此 can_interact 的 update_focus 副作用总是发生。
world,Godot/three_d/scripts/world.gd,request_action,476,action_id 前缀 prop: → props.interact(id) 并返回 true,Godot/three_d/scripts/world.gd:479-481,accepted,yes,world.prop_on,Godot/three_d/tests/world_coverage_test.gd::prop_on,output/3d/world-coverage.json,strong,catalogued_strong,测试 :61 断言 request_action 为真、props.states.lamp 为真、且 RunCheckpoint.capture(run_game)==aimed.run。
world,Godot/three_d/scripts/world.gd,request_action,476,"action_id 前缀 search: → open_services('search', id) 并返回 true",Godot/three_d/scripts/world.gd:482-484,accepted,yes,world.services_open,Godot/three_d/tests/world_coverage_test.gd::world.services_open,output/3d/world-coverage.json;output/3d/regression/20260925-120721/report.json,strong,catalogued_strong,复用 world.services_open 语义 ID；通过真实 Tavern/SearchSite 锚点射线调 request_action，断言搜索模式面板打开、站点 ID 正确、玩家控制禁用且 Run 快照不变。
world,Godot/three_d/scripts/world.gd,request_action,476,"action_id 前缀 shop: → open_services('product', id) 并返回 true",Godot/three_d/scripts/world.gd:485-487,accepted,yes,world.services_open,Godot/three_d/tests/world_coverage_test.gd::world.services_open,output/3d/world-coverage.json;output/3d/regression/20260925-120721/report.json,strong,catalogued_strong,复用 world.services_open 语义 ID；通过真实货架 shop 锚点射线调 request_action，断言单品模式面板打开、商品 ID 正确、玩家控制禁用且 Run 快照不变。
world,Godot/three_d/scripts/world.gd,request_action,476,action_id 前缀 route: → show_run_panel(action_id) 并返回 true,Godot/three_d/scripts/world.gd:488-490,accepted,yes,world.show_run_panel,Godot/three_d/tests/routes_items_test.gd::Physical entrance quotes correct route,-,strong,catalogued_strong,测试 :138-139 断言 request_action 为真、selected_route=='service-stairs'、run_confirm 未禁用。语义由 world.show_run_panel（同一入口）承接，故不新增 ID。
world,Godot/three_d/scripts/world.gd,request_action,476,room:<dest> 且 room_blocked_reason 非空 → 写 hint 并返回 false,Godot/three_d/scripts/world.gd:491-496,rejected,yes,world.room_door_blocked,Godot/three_d/tests/world_coverage_test.gd::room_door_blocked,output/3d/world-coverage.json,strong,catalogued_strong,测试 :183-185 断言 focused==ledger_door、reason 非空、拒绝、房间不变、hint==reason、快照不变。two_tables.gd:62 与 room_pool_test.gd:83 只核返回值（弱），已被本断言取代。
world,Godot/three_d/scripts/world.gd,request_action,476,room:<dest> 且未被封锁 → travel(destination) 并返回 true,Godot/three_d/scripts/world.gd:491-498,accepted,yes,world.room_graph_entry,Godot/three_d/tests/world_coverage_test.gd::room_graph_entry,output/3d/world-coverage.json,strong,catalogued_strong,测试 :279-297（mirror/embers，含 completed 注入的 A4ISO 前置）断言 current_room/title/落点/run 快照不变。注：目录把 world.room_entry 的 source 归到 confirm_run_action，此处属 A4 复用映射（不重复计分母）。
world,Godot/three_d/scripts/world.gd,request_action,476,room:<dest> 且未被封锁 → travel(destination) 并返回 true,Godot/three_d/scripts/world.gd:491-498,accepted,yes,world.room_entry,Godot/three_d/tests/world_coverage_test.gd::room_graph_entry,output/3d/world-coverage.json,strong,catalogued_strong,测试 :279-297（mirror/embers，含 completed 注入的 A4ISO 前置）断言 current_room/title/落点/run 快照不变。注：目录把 world.room_entry 的 source 归到 confirm_run_action，此处属 A4 复用映射（不重复计分母）。
world,Godot/three_d/scripts/world.gd,request_action（room: 前缀分支；world.gd:491-498）,476,拒绝：room:<dest> 且 room_blocked_reason(ROOMS[dest].table) 非空 → hint_label 显示原因并 return false（不 travel）,Godot/three_d/scripts/world.gd:491-498,rejected,yes,world.room_graph_blocked,Godot/three_d/tests/world_coverage_test.gd::room_graph_blocked,output/3d/world-coverage.json,strong,catalogued_strong,与 world.room_door_blocked 不同——后者走 match 'enter_ledger' 分支（world.gd:517-521）；本条是通用 room: 前缀的房间依赖图守卫。用例覆盖 mirror 与 embers 两跳且断言完整 world 快照不变。目录 source/entry 正确
world,Godot/three_d/scripts/world.gd,request_action,476,toggle_case 且 lid 无效 → return false,Godot/three_d/scripts/world.gd:501-502,rejected,no,-,-,-,none,unreachable_or_not_transition,★防御分支：lid 由 build_stash()(:227-229) 从 STASH_ASSET 取 CaseLidPivot；smoke.gd:33 显式断言 is_instance_valid(world.lid)。不可达。
world,Godot/three_d/scripts/world.gd,request_action,476,toggle_case 且 case_open==true → 置 false、lid 补间到 打开+102°、title 改『打开皮箱』,Godot/three_d/scripts/world.gd:503-510,accepted,yes,world.case_close,Godot/three_d/tests/world_coverage_test.gd::case_close,output/3d/world-coverage.json,strong,catalogued_strong,测试 :122-126 断言 case_open 翻转、title、lid.rotation 到达目标（角度比较）、RunCheckpoint.capture 不变；smoke.gd:38-43 另覆盖（但其 :37 的远处拒绝只核返回值）。★注意皮箱盖不走 props.interact，直接在 request_action 内实现。
world,Godot/three_d/scripts/world.gd,request_action,476,toggle_case 且 case_open==false → 置 true、lid 补间回 lid_open_rotation、title 改『合上皮箱』,Godot/three_d/scripts/world.gd:503-510,accepted,yes,world.case_reopen,Godot/three_d/tests/world_coverage_test.gd::case_reopen,output/3d/world-coverage.json,strong,catalogued_strong,测试 :127-130；smoke.gd:44-48 另断言 closed_rotation 与最终旋转不同（『真的动了』）。
world,Godot/three_d/scripts/world.gd,request_action,476,action_id=='services' → open_services('bar'),Godot/three_d/scripts/world.gd:511-512,accepted,yes,world.services_open,Godot/three_d/tests/services_save_test.gd::open_services(bar) 路径,-,weak,catalogued_weak,世界锚点 BarService（world.gd:251）→ 打开 bar 模式服务面板。目录以 world.services_open（open_services 入口）承接，但『从吧台实体锚点进入』这一世界侧分支无独立断言（测试多直接调 open_services('bar')）。 当前树归因：已有 world.services_open ID；吧台实体锚点的射线/输入到打开面板仍缺独立集成后置断言，列为弱证据，不计未登记 ID。
world,Godot/three_d/scripts/world.gd,request_action,476,action_id=='enter_tavern' → show_run_panel('enter'),Godot/three_d/scripts/world.gd:513-514,accepted,yes,world.show_run_panel,Godot/three_d/tests/world_coverage_test.gd::room_entry,output/3d/world-coverage.json,strong,catalogued_strong,stash 门（world.gd:241）→ 出发面板；测试 :175-179 走真实射线并经 confirm 进入 tavern（断言 vault==900、cash==300）。
world,Godot/three_d/scripts/world.gd,request_action,476,action_id=='enter_tavern' → show_run_panel('enter'),Godot/three_d/scripts/world.gd:513-514,accepted,yes,world.room_entry,Godot/three_d/tests/world_coverage_test.gd::room_entry,output/3d/world-coverage.json,strong,catalogued_strong,stash 门（world.gd:241）→ 出发面板；测试 :175-179 走真实射线并经 confirm 进入 tavern（断言 vault==900、cash==300）。
world,Godot/three_d/scripts/world.gd,request_action,476,action_id=='enter_stash' → show_run_panel('extract'),Godot/three_d/scripts/world.gd:515-516,accepted,yes,world.show_run_panel,Godot/three_d/tests/smoke.gd::Return door opens extraction panel,output/3d/smoke.json,weak,catalogued_weak,smoke.gd:70-72 只断言 run_panel.visible 与 run_confirm.disabled（『Unknown exit cannot be used』），未断言 quote 文本或后继；extract 的权威后继由 world.extract_confirm 强断言（world_coverage_test.gd:316-319）。
world,Godot/three_d/scripts/world.gd,request_action,476,action_id=='enter_stash' → show_run_panel('extract'),Godot/three_d/scripts/world.gd:515-516,accepted,yes,world.extract_confirm,Godot/three_d/tests/smoke.gd::Return door opens extraction panel,output/3d/smoke.json,weak,catalogued_weak,smoke.gd:70-72 只断言 run_panel.visible 与 run_confirm.disabled（『Unknown exit cannot be used』），未断言 quote 文本或后继；extract 的权威后继由 world.extract_confirm 强断言（world_coverage_test.gd:316-319）。
world,Godot/three_d/scripts/world.gd,request_action,476,enter_ledger 且 ledger 被封锁 → 写 hint 并返回 false,Godot/three_d/scripts/world.gd:518-520,rejected,yes,world.room_door_blocked,Godot/three_d/tests/two_tables.gd::Door rejects locked second room,output/3d/two-tables.json,weak,catalogued_weak,two_tables.gd:61-62 与 room_pool_test.gd:74-75 都只核 request_action 返回值（既有测试证据不足）。同一 ID 已由 world_coverage_test.gd:185 给出强断言。
world,Godot/three_d/scripts/world.gd,request_action,476,enter_ledger 且未被封锁 → travel('ledger'),Godot/three_d/scripts/world.gd:521-521,accepted,yes,world.room_door_unlocked,Godot/three_d/tests/world_coverage_test.gd::room_door_unlocked,output/3d/world-coverage.json,strong,catalogued_strong,测试 :259 断言 focused、reason 空、current_room=='ledger'、title、落点坐标、run 快照不变。four_tables_test.gd:57 亦覆盖（四房串行遍历）。
world,Godot/three_d/scripts/world.gd,request_action,476,action_id=='back_tavern' → travel('tavern'),Godot/three_d/scripts/world.gd:522-523,accepted,yes,world.room_door_return,Godot/three_d/tests/world_coverage_test.gd::room_door_return,output/3d/world-coverage.json,strong,catalogued_strong,测试 :260-264 断言 current_room 回 tavern、title 为场景名、run 快照不变。
world,Godot/three_d/scripts/world.gd,request_action,476,action_id=='discover_exit' → discover_exit()+title 改写+refresh_route_labels/economy,Godot/three_d/scripts/world.gd:524-529,accepted,yes,world.discover_exit,Godot/three_d/tests/world_coverage_test.gd::discover_exit,output/3d/world-coverage.json,strong,catalogued_strong,测试 :189-190 断言 focused、public_exit、route_known('general')、revision+1、exit_notice.title、hint 含『出口已确认』。two_tables.gd:76-77 只核返回值（弱）。重复触发返回 true 但 revision 不变（幂等，非缺陷）。
world,Godot/three_d/scripts/world.gd,request_action,476,sit 且 table_blocked_reason 非空 → 写 hint 并返回 false,Godot/three_d/scripts/world.gd:531-534,rejected,yes,world.seat_blocked,Godot/three_d/tests/world_coverage_test.gd::seat_blocked,output/3d/world-coverage.json,strong,catalogued_strong,测试 :169-173 断言拒绝且快照不变（未断言 hint 文本）；room_pool_test.gd:83 只核返回值。hint 文本断言由 A4 探针补（seat_blocked_no_run，日志 output/external-handoff/A4/a4-world-probe.log）。
world,Godot/three_d/scripts/world.gd,request_action,476,sit 且前置满足 → seated=true、controls_enabled=false、seat_camera.current、seat_panel.pregame+show、隐藏准星与探索提示、鼠标可见,Godot/three_d/scripts/world.gd:535-544,accepted,yes,world.seat,Godot/three_d/tests/world_coverage_test.gd::seat,output/3d/world-coverage.json,strong,catalogued_strong,测试 :191-195 断言 seated、seat_panel.visible、controls_enabled、seat_camera.current。return_transform 在 :535 记录，leave 时回位。
world,Godot/three_d/scripts/world.gd,request_action,476,未知 action_id（match 默认分支）→ return false,Godot/three_d/scripts/world.gd:545-546,rejected,no,-,-,-,none,unreachable_or_not_transition,★防御分支：所有锚点 action_id 都是 world.gd 内的常量字符串（target/make_door/build_*），公开入口无法构造未知 action_id。
world,Godot/three_d/scripts/world.gd,travel,549,立即同步四室 characters、bar_display.refresh、refresh_route_labels,Godot/three_d/scripts/world.gd:550-553,accepted,yes,world.travel_landing,Godot/three_d/tests/world_coverage_test.gd::travel_landing,output/3d/world-coverage.json,strong,catalogued_strong,同入口同后继，与下一行合并语义（按 destination 值不同不拆行）。
world,Godot/three_d/scripts/world.gd,travel,549,current_room=destination、select_table_room、落点/朝向重设（stash 与其它两套坐标）、title_label 更新,Godot/three_d/scripts/world.gd:554-560,accepted,yes,world.travel_landing,Godot/three_d/tests/world_coverage_test.gd::travel_landing,output/3d/world-coverage.json,strong,catalogued_strong,测试 :148-157 对 stash/tavern/ledger/mirror/embers 五目的地逐一断言 current_room、落点 xz 与 y、title 文本；four_tables_test.gd 与 room_pool_test.gd 亦经真实门到达。
world,Godot/three_d/scripts/world.gd,travel,549,未知 destination → ROOMS.get 回退 tavern 落点，但 title 字典查询会报错,Godot/three_d/scripts/world.gd:555-560,rejected,no,-,-,-,none,unreachable_or_not_transition,★防御/不一致分支：所有调用方传已知目的地；restore_checkpoint 已在 :991 校验 room 属于五个合法值。若被调用会因 {…}[destination] 缺键报错而非静默回退。
world,Godot/three_d/scripts/world.gd,leave_seat,564,paused==true → return,Godot/three_d/scripts/world.gd:565-565,rejected,yes,world.leave_paused_rejected,Godot/three_d/tests/world_coverage_test.gd::leave_paused_rejected,output/3d/world-coverage.json,strong,catalogued_strong,测试 :209-210 断言 paused/seated 不变且快照不变。独立复核确认 A4：暂停时 seat_panel 被隐藏（pause_game :604-605），该分支的 GUI 按钮不可达，只能由公开入口程序化调用。
world,Godot/three_d/scripts/world.gd,leave_seat,564,not seated → return,Godot/three_d/scripts/world.gd:565-565,rejected,yes,world.leave_unseated,Godot/three_d/tests/world_coverage_test.gd::leave_unseated,output/3d/world-coverage.json,strong,catalogued_strong,测试 :253-254 断言快照完全不变。
world,Godot/three_d/scripts/world.gd,leave_seat,564,table_game!=null 且 status!='finished' → return,Godot/three_d/scripts/world.gd:565-566,rejected,yes,world.leave_active_rejected,Godot/three_d/tests/world_coverage_test.gd::leave_active_rejected,output/3d/world-coverage.json,strong,catalogued_strong,测试 :233-234 断言仍入座、table_game 是同一对象、cash 不变；table_integration.gd:32-33 亦覆盖。
world,Godot/three_d/scripts/world.gd,leave_seat,564,table_game!=null 且 run_game.settle_table(run_game.revision) 失败 → return,Godot/three_d/scripts/world.gd:568-569,rejected,no,-,-,-,none,unreachable_or_not_transition,★防御分支（独立复核，确认 A4 结论）：start_table 把 run_game.enter_table() 返回的同一对象赋给 table_game(:639)，restore_checkpoint 把 run_game.table 赋给 table_game(:1025)；守卫已保证桌 finished 且 revision 单调，settle_table(run.gd:183-184) 的失败条件在对象身份与 revision 不被外部破坏时不成立。仅世界与 Run 失同步时可达。
world,Godot/three_d/scripts/world.gd,leave_seat,564,结算成功 → table_game=null、refresh_route_labels/economy、clear_cards、seated=false、回到 return_transform、controls_enabled=true、相机切回、隐藏 seat_panel、显示准星、鼠标捕获,Godot/three_d/scripts/world.gd:570-583,accepted,yes,world.leave_finished,Godot/three_d/tests/world_coverage_test.gd::leave_finished,output/3d/world-coverage.json,strong,catalogued_strong,world.leave_pregame（:220 未开局）与 world.leave_finished（:251 已结算，断言 cash==入座前+返还筹码 且 completed 含 cargo-table）为同一后继类别的两种前置，目录分列两 ID；smoke.gd:67-68 断言回到入座前位置。
world,Godot/three_d/scripts/world.gd,leave_seat,564,结算成功 → table_game=null、refresh_route_labels/economy、clear_cards、seated=false、回到 return_transform、controls_enabled=true、相机切回、隐藏 seat_panel、显示准星、鼠标捕获,Godot/three_d/scripts/world.gd:570-583,accepted,yes,world.leave_pregame,Godot/three_d/tests/world_coverage_test.gd::leave_finished,output/3d/world-coverage.json,strong,catalogued_strong,world.leave_pregame（:220 未开局）与 world.leave_finished（:251 已结算，断言 cash==入座前+返还筹码 且 completed 含 cargo-table）为同一后继类别的两种前置，目录分列两 ID；smoke.gd:67-68 断言回到入座前位置。
world,Godot/three_d/scripts/world.gd,leave_seat,564,离座后 check_pressure() → 风声 6 时强制撤离（travel('stash')、run 结束、forced=true）,Godot/three_d/scripts/world.gd:584-584,accepted,yes,world.leave_forced_pressure_exit,Godot/three_d/tests/world_coverage_test.gd::leave_forced_pressure_exit,output/3d/world-coverage.json,strong,catalogued_strong,测试 :377-393 用新世界实例真实入座 + heat=6 + 离座，断言路线 dropbag-cash、lostCash 120、金库 +170、现金 0、房间 stash、run 结束（新增覆盖，较 A4 的 check_pressure-only 更强）。
world,Godot/three_d/scripts/world.gd,toggle_pause,586,services_panel.visible → close_services() 并返回（不进入暂停）,Godot/three_d/scripts/world.gd:587-589,accepted,yes,world.toggle_pause_services,Godot/three_d/tests/world_coverage_test.gd::toggle_pause_services,output/3d/world-coverage.json,strong,catalogued_strong,测试 :97-98 断言面板关闭、未暂停、控制恢复、准星可见、快照不变。互斥顺序已取证——A4 曾列为『未找到测试』，本轮发现已有断言，属复核推翻 A4 旧结论。
world,Godot/three_d/scripts/world.gd,toggle_pause,586,run_panel.visible → close_run_panel() 并返回,Godot/three_d/scripts/world.gd:590-592,accepted,yes,world.toggle_pause_run_panel,Godot/three_d/tests/world_coverage_test.gd::toggle_pause_run_panel,output/3d/world-coverage.json,strong,catalogued_strong,测试 :82-83 断言面板关闭、未暂停、控制恢复、准星可见、快照不变。
world,Godot/three_d/scripts/world.gd,toggle_pause,586,paused → resume(),Godot/three_d/scripts/world.gd:593-595,accepted,yes,world.toggle_pause_resume,Godot/three_d/tests/world_coverage_test.gd::toggle_pause_resume,output/3d/world-coverage.json,strong,catalogued_strong,测试 :216-218（入座态）断言恢复后 seat_panel 可见、controls_enabled 保持 false；table_integration.gd:24-26（pregame 暂停）亦覆盖。
world,Godot/three_d/scripts/world.gd,toggle_pause,586,seated 且 table_game==null → leave_seat()（Esc 离座）,Godot/three_d/scripts/world.gd:596-598,accepted,yes,world.toggle_pause_pregame_leave,Godot/three_d/tests/world_coverage_test.gd::toggle_pause_pregame_leave,output/3d/world-coverage.json,strong,catalogued_strong,测试 :223-226 断言离座、回位、控制恢复、相机切回。
world,Godot/three_d/scripts/world.gd,toggle_pause,586,其它（含 seated 且牌局进行中、非入座未暂停）→ pause_game(),Godot/three_d/scripts/world.gd:599-599,accepted,yes,world.pause,Godot/three_d/tests/table_integration.gd::Pause hides table controls,output/3d/table-integration.json,strong,catalogued_strong,table_integration.gd:35-36 断言暂停隐藏牌桌控件；world_coverage_test.gd:217 覆盖 seated 且 table_game==null 之外的入座分支见上一行。
world,Godot/three_d/scripts/world.gd,pause_game,601,seated → seat_panel.hide() 且按钮文本『继续牌局』,Godot/three_d/scripts/world.gd:601-610,accepted,yes,world.pause,Godot/three_d/tests/world_coverage_test.gd::pause,output/3d/world-coverage.json,strong,catalogued_strong,测试 :204-205 断言 paused、seat_panel 隐藏、pause_panel 可见、controls_enabled false。与下一行同 ID 不同后继（按钮文本/seat_panel），按要求分列。
world,Godot/three_d/scripts/world.gd,pause_game,601,重复调用（无入参守卫）→ 各可见性/控制字段被再写一遍，无新增副作用,Godot/three_d/scripts/world.gd:602-610,accepted,yes,world.pause_repeated,Godot/three_d/tests/world_coverage_test.gd::pause_repeated,output/3d/world-coverage.json,strong,catalogued_strong,测试 :206-208 断言仍暂停、面板可见、seat_panel 不可见、快照不变（较 A4『未找到测试』为新增证据）。键鼠路径由 toggle_pause 统一路由，重复调用只能程序化触发。
world,Godot/three_d/scripts/world.gd,pause_game,601,not seated → seat_panel 不动 且按钮文本『继续探索』,Godot/three_d/scripts/world.gd:604-607,accepted,yes,world.pause,Godot/three_d/tests/world_coverage_test.gd::pause_guard,output/3d/world-coverage.json,strong,catalogued_strong,非入座暂停由 pause_guard 系列以 pause_game() 为前置间接覆盖；smoke.gd:54-55 断言 paused 且控制关闭。按钮文本差异未单独断言。
world,Godot/three_d/scripts/world.gd,resume,612,not seated → controls_enabled=true、准星可见、鼠标捕获,Godot/three_d/scripts/world.gd:612-619,accepted,yes,world.resume,Godot/three_d/tests/world_coverage_test.gd::resume,output/3d/world-coverage.json,strong,catalogued_strong,world_coverage_test.gd:36-37 与 smoke.gd:57 覆盖非入座恢复。
world,Godot/three_d/scripts/world.gd,resume,612,重复调用（无入参守卫）→ 无新增副作用,Godot/three_d/scripts/world.gd:613-619,accepted,yes,world.resume_repeated,Godot/three_d/tests/world_coverage_test.gd::resume_repeated,output/3d/world-coverage.json,strong,catalogued_strong,测试 :213-215（新增证据）。
world,Godot/three_d/scripts/world.gd,resume,612,seated → controls_enabled 保持 false、seat_panel.show、准星隐藏、鼠标可见,Godot/three_d/scripts/world.gd:614-619,accepted,yes,world.resume,Godot/three_d/tests/world_coverage_test.gd::resume,output/3d/world-coverage.json,strong,catalogued_strong,测试 :211-212、table_integration.gd:39-42（断言 seat_camera.current 且保持入座）、world_restore_atomic_test.gd:213。同 ID 两种后继，分列。
world,Godot/three_d/scripts/world.gd,_notification,621,NOTIFICATION_WM_CLOSE_REQUEST 且 readiness → saving_enabled 时 save_checkpoint()，然后 quit(),Godot/three_d/scripts/world.gd:622-625,accepted,yes,-,-,-,none,reachable_unmapped,★生命周期回调（类型：生命周期回调）。玩家可达（关窗）且改状态（退出前写盘）。目录无 ID，无测试注入该通知。应补：在 saving_enabled 时投递 WM_CLOSE_REQUEST，断言 checkpoint 与内存一致（--test 下 auto_accept_quit=false，见 :104）。
world,Godot/three_d/scripts/world.gd,_notification,621,WM_WINDOW_FOCUS_OUT 且 readiness 且 run_panel 不可见 且非 --test → saving_enabled 时 save_checkpoint()，关闭服务面板，未暂停则 pause_game(),Godot/three_d/scripts/world.gd:626-632,accepted,yes,-,-,-,none,reachable_unmapped,★生命周期回调。玩家可达（切出窗口/Alt-Tab）且改变权威状态（paused、controls_enabled、services_panel）。目录无 ID，无测试。应补：投递 WINDOW_FOCUS_OUT 后断言 paused==true、player.controls_enabled==false、services_panel.visible==false。
world,Godot/three_d/scripts/world.gd,start_table,634,not seated / table_game!=null / paused → return,Godot/three_d/scripts/world.gd:635-636,rejected,yes,-,Godot/three_d/tests/table_integration.gd::Repeated start cannot charge twice,output/3d/table-integration.json,weak,reachable_unmapped,★世界侧守卫（table_game!=null 由 table_integration.gd:29-30 覆盖：重复 start 不二次扣款）；not seated 与 paused 两个合取项无断言。规则层入场语义在 run.gd::enter_table（table/poker 家族目录覆盖），但 world 侧守卫无 world.* ID。
world,Godot/three_d/scripts/world.gd,start_table,634,enter_table 返回 null（规则层拒绝）→ return,Godot/three_d/scripts/world.gd:639-641,rejected,no,-,-,-,none,unreachable_or_not_transition,★防御：sit 分支已用 table_blocked_reason 预筛(:531)，而 enter_table 的拒绝条件（run.gd:166）正是 revision 不符或同一 blocked_reason。
world,Godot/three_d/scripts/world.gd,start_table,634,入场成功 → trace、refresh_economy、table_delay=0.45、refresh_table,Godot/three_d/scripts/world.gd:642-645,accepted,yes,-,Godot/three_d/tests/table_integration.gd::Starting table pays buy-in once,output/3d/table-integration.json,strong,reachable_unmapped,后继：run 现金按 buyIn 扣减、table_game 非空（规则层由 poker/table 家族覆盖；world 侧 table_delay 计时与 HUD 刷新无 world.* ID）。
world,Godot/three_d/scripts/world.gd,play_action,647,paused / services_panel.visible / table_game==null / table_delay>0 → return,Godot/three_d/scripts/world.gd:648-649,rejected,yes,-,Godot/three_d/tests/table_integration.gd::Pause freezes timer and blocks player input,output/3d/table-integration.json,strong,reachable_unmapped,★services_panel.visible 与 paused 由 table_integration.gd:37-39 与 services_save_test.gd:96-98 断言（revision 不变）；table_delay>0 由 table_integration.gd:58-60『Double click during beat is ignored』断言。三个合取项均无 world.* ID。
world,Godot/three_d/scripts/world.gd,play_action,647,table_game.act 成功 → trace、table_delay=0.45、refresh_table,Godot/three_d/scripts/world.gd:653-656,accepted,yes,-,Godot/three_d/tests/table_integration.gd::HUD button submits exactly one legal action,output/3d/table-integration.json,strong,reachable_unmapped,后继为表格 revision+1（规则层 poker_action.* 覆盖）；world 侧节拍与 HUD 刷新无 ID。
world,Godot/three_d/scripts/world.gd,continue_hand,658,not paused 且 not services_panel.visible 且 table_game!=null 且 next_hand 成功 → trace、table_delay、refresh_table,Godot/three_d/scripts/world.gd:658-662,accepted,yes,-,-,output/3d/table-integration.json,weak,reachable_unmapped,★玩家可达（牌桌『下一手』按钮，world.gd:383 connect）。守卫的否定侧（paused / services 可见 / 无桌 / revision 过期）无世界侧断言，且整段无 world.* ID。（注：证据来自 output/3d/table-integration.json，该测试整表通过、无独立用例名。）
world,Godot/three_d/scripts/world.gd,_process,664,saving_enabled → save_clock 累计；>=0.5s 调 save_checkpoint()（自动存档）,Godot/three_d/scripts/world.gd:665-669,accepted,yes,-,-,-,none,reachable_unmapped,★游戏调度可达（时间驱动）且改状态（写盘）。目录无 ID。测试多数 set_process(false) 或 saving_enabled 默认 false，故该定时路径无覆盖。应补：saving_enabled=true、_process(0.6) 后断言 save_clock==0 且磁盘 state 与内存 checkpoint 一致。
world,Godot/three_d/scripts/world.gd,_process,664,services_panel.visible → return（服务面板打开时冻结牌桌推进）,Godot/three_d/scripts/world.gd:670-671,rejected,yes,-,Godot/three_d/tests/services_save_test.gd::Services freeze table progression and hidden buttons,-,weak,reachable_unmapped,测试只断言 play_action 被忽略（revision 不变），未断言 AI beat / _process 推进被冻结（需对手回合的前置）。目录无 ID。
world,Godot/three_d/scripts/world.gd,_process,664,table_game==null 或 paused 或 not seated → return,Godot/three_d/scripts/world.gd:672-673,rejected,yes,-,Godot/three_d/tests/table_integration.gd::Pause freezes timer and blocks player input,output/3d/table-integration.json,strong,reachable_unmapped,paused 侧由 table_integration.gd:37-39 断言（world._process(10) 后 table.revision 不变）。
world,Godot/three_d/scripts/world.gd,_process,664,"table_delay>0 → 倒计时；归零时 seat_panel.refresh(public_state,false)（同后继）",Godot/three_d/scripts/world.gd:674-678,accepted,yes,-,-,-,none,unreachable_or_not_transition,节拍计时 + HUD 刷新（非语义转移）；它是 play_action 的 table_delay>0 守卫来源（见该行）。
world,Godot/three_d/scripts/world.gd,_process,664,status!='playing' 或 currentActorId=='player' → return,Godot/three_d/scripts/world.gd:679-680,rejected,yes,-,-,-,none,unreachable_or_not_transition,等待玩家输入 / 牌桌非进行中，不推进。
world,Godot/three_d/scripts/world.gd,_process,664,否则 advance_table_beat()（对手 AI 或无人行动 → 推进牌桌权威状态）,Godot/three_d/scripts/world.gd:681-681,accepted,yes,-,-,-,none,reachable_unmapped,★游戏调度可达且改权威状态（table_game.advance/act → 快照内 table 变更）。规则层由 poker_progress.* / ending.* 覆盖，但 world 侧的定时世界入口无 world.* ID，world_coverage_test 也未以『推进后状态』断言。
world,Godot/three_d/scripts/world.gd,advance_table_beat,683,services_panel.visible / table_game==null / paused / status!='playing' → return,Godot/three_d/scripts/world.gd:684-685,rejected,yes,-,-,-,none,reachable_unmapped,与 _process 守卫同族；无 world.* ID。services_save_test.gd:96-98 覆盖 services 可见时不推进。
world,Godot/three_d/scripts/world.gd,advance_table_beat,683,currentActorId 为空 → table_game.advance(revision),Godot/three_d/scripts/world.gd:687-688,accepted,yes,-,-,output/3d/table-integration.json,weak,reachable_unmapped,规则层 poker_progress.* 覆盖 advance 的接受/拒绝；world 侧无 ID。（注：证据来自 output/3d/table-integration.json，该测试整表通过、无独立用例名。）
world,Godot/three_d/scripts/world.gd,advance_table_beat,683,"currentActorId!=player → OpponentRules.choose + table_game.act(actor,…)",Godot/three_d/scripts/world.gd:690-692,accepted,yes,-,-,output/3d/table-integration.json,weak,reachable_unmapped,依赖 table_game.rng.next() 随机决策，后继是表格状态推进；无确定性断言，无 world.* ID。（注：证据来自 output/3d/table-integration.json，该测试整表通过、无独立用例名。）
world,Godot/three_d/scripts/world.gd,advance_table_beat,683,currentActorId=='player' → return（等玩家）,Godot/three_d/scripts/world.gd:693-694,rejected,yes,-,-,-,none,unreachable_or_not_transition,守卫侧。
world,Godot/three_d/scripts/world.gd,refresh_table,698,按 public_state 重建牌面/筹码网格 + seat_panel.refresh + characters.refresh,Godot/three_d/scripts/world.gd:698-717,accepted,yes,-,-,-,none,unreachable_or_not_transition,纯展示（读取权威 state，不写）：只创建 MeshInstance3D/Label3D 与 HUD 文本。
world,Godot/three_d/scripts/world.gd,clear_cards,719,清空 cards_root 子节点,Godot/three_d/scripts/world.gd:719-722,accepted,yes,-,-,-,none,unreachable_or_not_transition,展示。
world,Godot/three_d/scripts/world.gd,draw_card,724,绘制单张牌 Mesh+Label3D,Godot/three_d/scripts/world.gd:724-734,accepted,yes,-,-,-,none,unreachable_or_not_transition,展示。
world,Godot/three_d/scripts/world.gd,refresh_economy,736,run 进行中 → 经济标签；未进行但有 last_result → 结算/放弃文案；否则初始文案,Godot/three_d/scripts/world.gd:736-752,accepted,yes,-,Godot/three_d/tests/routes_items_test.gd::Result explains voluntary loss after returning to stash,-,weak,unreachable_or_not_transition,★纯格式化（三分支只决定 label.text）。routes_items_test.gd:161/167 用 economy_label.text 断言放弃/强制撤离说明，属展示层证据。
world,Godot/three_d/scripts/world.gd,show_run_panel,754,selected_route/run_action/run_revision 归一；scene_choice.visible；transfer_button.visible（六合取项）；scene_choice 逐项禁用,Godot/three_d/scripts/world.gd:755-768,accepted,yes,world.show_run_panel,Godot/three_d/tests/world_coverage_test.gd::show_run_panel,output/3d/world-coverage.json,strong,catalogued_strong,测试 :79 断言面板可见、run_action=='enter'、未禁用、控制关闭、准星隐藏、标题以『前往』开头、快照不变。scene_choice/transfer_button 的六合取项未被逐项断言。
world,Godot/three_d/scripts/world.gd,show_run_panel,754,action=='enter' 且 vault>=120 → heading『前往X』/body 报价/confirm『带钱出发』,Godot/three_d/scripts/world.gd:769-776,accepted,yes,world.show_run_panel,Godot/three_d/tests/scene_rules_test.gd::Departure names chosen venue,output/3d/scene-rules.json,strong,catalogued_strong,scene_rules_test.gd:98-100 断言 run_heading 结尾为场景名、confirm 后 scene_id/title 正确。
world,Godot/three_d/scripts/world.gd,show_run_panel,754,action=='enter' 且 vault<120 → run_action='reset'、重置文案与按钮,Godot/three_d/scripts/world.gd:777-780,accepted,yes,world.reset_confirm,Godot/three_d/tests/world_coverage_test.gd::reset_confirm,output/3d/world-coverage.json,strong,catalogued_strong,测试 :326-330 置 vault=119，断言 run_action=='reset'、重置后 vault==startingVault 且面板重新以 'enter' 打开。★:326 直接写 world.run_game.vault（夹具造态）。
world,Godot/three_d/scripts/world.gd,show_run_panel,754,action=='transfer' → 报价文案；quote.reason 非空 → confirm.disabled=true,Godot/three_d/scripts/world.gd:781-790,accepted,yes,world.show_run_panel,Godot/three_d/tests/world_coverage_test.gd::transfer_confirm,output/3d/world-coverage.json,strong,catalogued_strong,transfer 接受路径由 :303-309 断言（scene_id、venue_history==2、vault 不变、cash 减 quote.fee、public_exit 复位）。reason 非空→禁用属 confirm_disabled 语义。
world,Godot/three_d/scripts/world.gd,show_run_panel,754,action=='transfer' → 报价文案；quote.reason 非空 → confirm.disabled=true,Godot/three_d/scripts/world.gd:781-790,accepted,yes,world.confirm_disabled,Godot/three_d/tests/world_coverage_test.gd::transfer_confirm,output/3d/world-coverage.json,strong,catalogued_strong,transfer 接受路径由 :303-309 断言（scene_id、venue_history==2、vault 不变、cash 减 quote.fee、public_exit 复位）。reason 非空→禁用属 confirm_disabled 语义。
world,Godot/three_d/scripts/world.gd,show_run_panel,754,action=='abandon' → 报价文案；quote.reason 非空 → confirm.disabled=true,Godot/three_d/scripts/world.gd:791-798,accepted,yes,world.show_run_panel,Godot/three_d/tests/routes_items_test.gd::Confirmation shows exact wallet and valuable loss,-,strong,catalogued_strong,routes_items_test.gd:152-153 断言未禁用且 body 含精确金额文案（示范了『文案=权威数值』式强断言）。
world,Godot/three_d/scripts/world.gd,show_run_panel,754,action=='abandon' → 报价文案；quote.reason 非空 → confirm.disabled=true,Godot/three_d/scripts/world.gd:791-798,accepted,yes,world.confirm_disabled,Godot/three_d/tests/routes_items_test.gd::Confirmation shows exact wallet and valuable loss,-,strong,catalogued_strong,routes_items_test.gd:152-153 断言未禁用且 body 含精确金额文案（示范了『文案=权威数值』式强断言）。
world,Godot/three_d/scripts/world.gd,show_run_panel,754,else（route: 撤离预览）三分支：未确认路线→『路线未确认』+禁用；已确认且 reason 空→结算文案；reason 非空→禁用+forfeit_button 可见,Godot/three_d/scripts/world.gd:799-815,accepted,yes,world.show_run_panel,Godot/three_d/tests/scene_rules_test.gd::Unknown route does not disclose settlement,output/3d/scene-rules.json,strong,catalogued_strong,scene_rules_test.gd:102-103 与 extraction_fallback_ui_test.gd:37-56 断言各分支 body 文案、disabled、以及 Checkpoint.capture==before（不改游戏）。三分支后继不同但同属 show_run_panel 面板构造语义，合并一行并注明。
world,Godot/three_d/scripts/world.gd,show_run_panel,754,else（route: 撤离预览）三分支：未确认路线→『路线未确认』+禁用；已确认且 reason 空→结算文案；reason 非空→禁用+forfeit_button 可见,Godot/three_d/scripts/world.gd:799-815,accepted,yes,world.confirm_disabled,Godot/three_d/tests/scene_rules_test.gd::Unknown route does not disclose settlement,output/3d/scene-rules.json,strong,catalogued_strong,scene_rules_test.gd:102-103 与 extraction_fallback_ui_test.gd:37-56 断言各分支 body 文案、disabled、以及 Checkpoint.capture==before（不改游戏）。三分支后继不同但同属 show_run_panel 面板构造语义，合并一行并注明。
world,Godot/three_d/scripts/world.gd,show_run_panel,754,preview_only → confirm.disabled=true、文本改为『到实际入口按 E 撤离』、追加路线方位说明,Godot/three_d/scripts/world.gd:816-819,accepted,yes,world.services_route_preview,Godot/three_d/tests/world_coverage_test.gd::services_route_preview,output/3d/world-coverage.json,strong,catalogued_strong,测试 :312-314 断言 run_confirm.disabled 且 run_body 含『大厅入口门旁』（强制 selected_route=='general' 的方位串）——★该断言的主体被真实填充（若 selected_route 不在字典则取空串且断言失败），非空面板假通过。
world,Godot/three_d/scripts/world.gd,show_run_panel,754,preview_only → confirm.disabled=true、文本改为『到实际入口按 E 撤离』、追加路线方位说明,Godot/three_d/scripts/world.gd:816-819,accepted,yes,world.confirm_disabled,Godot/three_d/tests/world_coverage_test.gd::services_route_preview,output/3d/world-coverage.json,strong,catalogued_strong,测试 :312-314 断言 run_confirm.disabled 且 run_body 含『大厅入口门旁』（强制 selected_route=='general' 的方位串）——★该断言的主体被真实填充（若 selected_route 不在字典则取空串且断言失败），非空面板假通过。
world,Godot/three_d/scripts/world.gd,show_run_panel,754,统一后继：controls_enabled=false、velocity 清零、准星隐藏、hint 清空、run_panel.show、鼠标可见,Godot/three_d/scripts/world.gd:820-825,accepted,yes,world.show_run_panel,Godot/three_d/tests/world_coverage_test.gd::show_run_panel,output/3d/world-coverage.json,strong,catalogued_strong,测试 :79 与 :86 分别断言该后继与关闭后的恢复。
world,Godot/three_d/scripts/world.gd,close_run_panel,827,run_panel.hide、run_action=''、controls_enabled=not paused and not seated、准星与鼠标同步,Godot/three_d/scripts/world.gd:827-832,accepted,yes,world.close_run_panel,Godot/three_d/tests/world_coverage_test.gd::close_run_panel,output/3d/world-coverage.json,strong,catalogued_strong,测试 :85-86 断言面板隐藏、run_action 空、控制恢复、快照不变。smoke.gd:73 与 scene_rules_test.gd:104 只调用未直接断言。
world,Godot/three_d/scripts/world.gd,confirm_run_action,834,not run_panel.visible 或 paused → return,Godot/three_d/scripts/world.gd:835-835,rejected,yes,world.confirm_hidden,Godot/three_d/tests/world_coverage_test.gd::confirm_hidden,output/3d/world-coverage.json,strong,catalogued_strong,测试 :74-76（面板隐藏）与 :336-339（paused 且面板可见，断言 revision 不变且快照不变）两处，同一 ID 两个前置，按要求分列说明。
world,Godot/three_d/scripts/world.gd,confirm_run_action,834,run_confirm.disabled → return,Godot/three_d/scripts/world.gd:835-835,rejected,yes,world.confirm_disabled,Godot/three_d/tests/world_coverage_test.gd::confirm_disabled,output/3d/world-coverage.json,strong,catalogued_strong,测试 :87-91 以 route:fixed+preview 造 disabled，断言面板仍可见、body 文本未变、快照不变。scene_rules_test.gd:88-89 与 extraction_fallback_ui_test.gd 只断言 disabled 与文本（弱），已被本断言取代。
world,Godot/three_d/scripts/world.gd,confirm_run_action,834,run_action=='enter' → run_game.start 成功则 close_run_panel + travel('tavern') + exit_notice.title 复位,Godot/three_d/scripts/world.gd:837-844,accepted,yes,world.room_entry,Godot/three_d/tests/world_coverage_test.gd::room_entry,output/3d/world-coverage.json,strong,catalogued_strong,测试 :179 断言 current_room=='tavern'、active、vault==900、cash==300。
world,Godot/three_d/scripts/world.gd,confirm_run_action,834,run_action 不属于 enter/transfer/extract/abandon/reset 之一 → 所有 elif 落空，仅返回（静默 no-op）,Godot/three_d/scripts/world.gd:837-868,rejected,no,-,-,-,none,unreachable_or_not_transition,★防御分支：面板可见时 run_action 必由 show_run_panel 设为五种之一；close_run_panel 会清空 run_action 但同时隐藏面板，被 'not run_panel.visible' 守卫拦截。
world,Godot/three_d/scripts/world.gd,confirm_run_action,834,start 失败 → return（静默无副作用）,Godot/three_d/scripts/world.gd:839-840,rejected,no,-,-,-,none,unreachable_or_not_transition,★防御分支（A4 未单列）：需 revision 不符或 run 已 active（run.gd:51-）。正常路径下到达 stash 门要求当前在 stash；restore_checkpoint 禁止 active_in_stash（world.gd:1009）；结束 run 才能回 stash。且 show_run_panel 到 confirm 之间无 revision 变更源（面板打开时 _process 不推进、世界交互被 controls_enabled 拦截）。
world,Godot/three_d/scripts/world.gd,confirm_run_action,834,run_action=='transfer' → transfer_venue 成功则关闭面板 + travel('tavern'),Godot/three_d/scripts/world.gd:845-851,accepted,yes,world.transfer_confirm,Godot/three_d/tests/world_coverage_test.gd::transfer_confirm,output/3d/world-coverage.json,strong,catalogued_strong,测试 :303-309 断言目标 scene_id、venue_history==2、vault 不变、cash 减 quote.fee、public_exit 复位。
world,Godot/three_d/scripts/world.gd,confirm_run_action,834,transfer_venue 失败 → return,Godot/three_d/scripts/world.gd:847-847,rejected,no,-,-,-,none,unreachable_or_not_transition,★防御分支（A4 未单列）：失败条件（run.gd:100-）为 quote.reason 非空或 revision 不符；前者已使 run_confirm.disabled（world.gd:788-790）故先被 disabled 守卫拦截。
world,Godot/three_d/scripts/world.gd,confirm_run_action,834,run_action=='extract' → extract 成功则关闭面板 + travel('stash'),Godot/three_d/scripts/world.gd:852-857,accepted,yes,world.extract_confirm,Godot/three_d/tests/world_coverage_test.gd::extract_confirm,output/3d/world-coverage.json,strong,catalogued_strong,测试 :316-319 断言回 stash、run 结束、vault==此前+quote.net、cash==0；scene_rules_test.gd:107-111 与 routes_items_test.gd:145-146 亦覆盖。
world,Godot/three_d/scripts/world.gd,confirm_run_action,834,extract 失败 → return,Godot/three_d/scripts/world.gd:853-854,rejected,no,-,-,-,none,unreachable_or_not_transition,★防御分支：quote.reason 非空时 confirm 已禁用（world.gd:813-814）。
world,Godot/three_d/scripts/world.gd,confirm_run_action,834,run_action=='abandon' → abandon 成功则关闭面板 + travel('stash'),Godot/three_d/scripts/world.gd:858-863,accepted,yes,world.abandon_confirm,Godot/three_d/tests/world_coverage_test.gd::abandon_confirm,output/3d/world-coverage.json,strong,catalogued_strong,测试 :322-325 断言 vault==quote.vaultAfter、last_result.abandoned、cash==0；routes_items_test.gd:149-160 断言文案与金库一致。
world,Godot/three_d/scripts/world.gd,confirm_run_action,834,abandon 失败 → return,Godot/three_d/scripts/world.gd:859-860,rejected,no,-,-,-,none,unreachable_or_not_transition,★防御分支：同 extract 失败（reason 非空 → confirm 禁用）。
world,Godot/three_d/scripts/world.gd,confirm_run_action,834,run_action=='reset' → reset_demo 成功则 refresh_economy + 重新 show_run_panel('enter'),Godot/three_d/scripts/world.gd:864-868,accepted,yes,world.reset_confirm,Godot/three_d/tests/world_coverage_test.gd::reset_confirm,output/3d/world-coverage.json,strong,catalogued_strong,测试 :326-330。
world,Godot/three_d/scripts/world.gd,confirm_run_action,834,reset_demo 失败 → 静默无副作用（无 else）,Godot/three_d/scripts/world.gd:864-868,rejected,no,-,-,-,none,unreachable_or_not_transition,★防御分支（A4 未单列）：reset_demo 失败仅因 revision 不符（run.gd:242-）。
world,Godot/three_d/scripts/world.gd,select_table_room,870,设置 cards_root/seat_camera/table_target 与 active_table_id,Godot/three_d/scripts/world.gd:870-877,accepted,yes,-,-,-,none,unreachable_or_not_transition,内部辅助（非公开入口）：由 _ready(:89)、travel(:555)、restore_checkpoint(:1020) 调用。改 active_table_id 等指针/权威状态，其后继由 world.seat / world.seated_world_action_rejected / leave_finished 间接断言。
world,Godot/three_d/scripts/world.gd,_unhandled_input,879,B 键：services_panel.visible → close_services()；否则 open_services()；set_input_as_handled,Godot/three_d/scripts/world.gd:879-885,accepted,yes,world.services_close,-,-,weak,catalogued_weak,★输入绑定链（world.gd:144 inventory=KEY_B → 本函数）无测试直接覆盖；测试均直接调 open_services/close_services。两条后继各自有强断言。
world,Godot/three_d/scripts/world.gd,_unhandled_input,879,B 键：services_panel.visible → close_services()；否则 open_services()；set_input_as_handled,Godot/three_d/scripts/world.gd:879-885,accepted,yes,world.services_open,-,-,weak,catalogued_weak,★输入绑定链（world.gd:144 inventory=KEY_B → 本函数）无测试直接覆盖；测试均直接调 open_services/close_services。两条后继各自有强断言。
world,Godot/three_d/scripts/world.gd,open_services,887,paused → return（面板不显示）,Godot/three_d/scripts/world.gd:888-889,rejected,yes,world.services_open_paused,Godot/three_d/tests/world_coverage_test.gd::services_open_paused,output/3d/world-coverage.json,strong,catalogued_strong,测试 :71-72 断言 paused、services_panel 不可见、pause_panel 可见、快照不变。
world,Godot/three_d/scripts/world.gd,open_services,887,run_panel.visible → return（面板不显示）,Godot/three_d/scripts/world.gd:888-889,rejected,yes,world.services_open_run_panel,Godot/three_d/tests/world_coverage_test.gd::services_open_run_panel,output/3d/world-coverage.json,strong,catalogued_strong,测试 :80-81。
world,Godot/three_d/scripts/world.gd,open_services,887,接受（非 paused 且 run_panel 不可见）：refresh+show、hint 清空、controls_enabled=false、seat_panel 隐藏、准星隐藏、鼠标可见,Godot/three_d/scripts/world.gd:890-899,accepted,yes,world.services_open,Godot/three_d/tests/world_coverage_test.gd::services_open,output/3d/world-coverage.json,strong,catalogued_strong,测试 :93-95 断言面板可见、rows.get_child_count()>0（★主语被填充，非空面板）、控制关闭、准星隐藏、seat_panel 不可见、快照不变。
world,Godot/three_d/scripts/world.gd,open_services,887,入座态（seated==true）→ 同样接受；seat_panel 被隐藏（open_services 无 seated 守卫）,Godot/three_d/scripts/world.gd:890-899,accepted,yes,world.services_open_seated,Godot/three_d/tests/world_coverage_test.gd::services_open_seated,output/3d/world-coverage.json,strong,catalogued_strong,测试 :199-201 断言面板可见、seat_panel 隐藏、控制关闭、seat_camera.current、快照不变。
world,Godot/three_d/scripts/world.gd,close_services,901,非入座（且非 paused）→ controls_enabled=true、准星可见、鼠标捕获、seat_panel 隐藏,Godot/three_d/scripts/world.gd:901-906,accepted,yes,world.services_close,Godot/three_d/tests/world_coverage_test.gd::services_close,output/3d/world-coverage.json,strong,catalogued_strong,测试 :99-101；spatial_interaction_test.gd:94 与 services_save_test.gd:87 亦覆盖。
world,Godot/three_d/scripts/world.gd,close_services,901,入座（且非 paused）→ controls_enabled 保持 false、seat_panel.visible=true、准星隐藏、鼠标可见,Godot/three_d/scripts/world.gd:901-906,accepted,yes,world.services_close_seated,Godot/three_d/tests/world_coverage_test.gd::services_close_seated,output/3d/world-coverage.json,strong,catalogued_strong,测试 :202-203。同入口两种后继，分列。
world,Godot/three_d/scripts/world.gd,service_action,908,not services_panel.visible → return / paused（面板仍可见）→ return,Godot/three_d/scripts/world.gd:909-909,rejected,yes,world.services_action_hidden,Godot/three_d/tests/world_coverage_test.gd::services_action_hidden,output/3d/world-coverage.json,strong,catalogued_strong,测试 :102-104 断言面板不可见时快照不变。
world,Godot/three_d/scripts/world.gd,service_action,908,遍历 service_view 建立可用动作集并判定 offered（kind+id+target 全等，不检查 reason）,Godot/three_d/scripts/world.gd:911-917,accepted,yes,world.services_action_unoffered,Godot/three_d/tests/world_coverage_test.gd::services_action_unoffered,output/3d/world-coverage.json,strong,catalogued_strong,★要点：offered 的判定(:916)不检查 action.reason，只比对 kind/id/target；而 run_game.service_view 对非 route 动作会写入非空 reason（run.gd:429）。因此存在『offered 但规则层拒绝』的后续分支（见下两行）。
world,Godot/three_d/scripts/world.gd,service_action,908,not offered → return（状态与面板不变）,Godot/three_d/scripts/world.gd:918-919,rejected,yes,world.services_action_unoffered,Godot/three_d/tests/world_coverage_test.gd::services_action_unoffered,output/3d/world-coverage.json,strong,catalogued_strong,测试 :105-108 以 bag 模式请求 buy/ivory-chip，断言面板仍可见且快照不变。playtest_seed_test.gd:32-33 以 buy/nonexistent 断言 trace 不新增（只核日志，弱）。
world,Godot/three_d/scripts/world.gd,service_action,908,"kind=='route' → close_services() 后 show_run_panel('route:'+id, preview_only=true)",Godot/three_d/scripts/world.gd:920-923,accepted,yes,world.services_route_preview,Godot/three_d/tests/world_coverage_test.gd::services_route_preview,output/3d/world-coverage.json,strong,catalogued_strong,测试 :311-314 断言服务面板关闭、撤离面板打开、selected_route=='general'、confirm 禁用、含方位文案、快照不变；spatial_interaction_test.gd:66-67 亦覆盖。
world,Godot/three_d/scripts/world.gd,service_action,908,offered 为真但 run_game.service_action 返回 false（reason 非空的不可用动作）→ 静默 no-op,Godot/three_d/scripts/world.gd:924-924,rejected,no,-,-,-,none,unreachable_or_not_transition,"★新发现分支（A4 未登记）：由 offered 判定忽略 reason 造成。GUI 不可达——ServicesHUD 对 reason 非空的行禁用按钮（services_hud.gd:52）；仅程序化调用可触发（例如 bag 模式下 inventory 含 marked-lens 但当前无进行中牌桌时调 service_action('lens',…)，run.gd:266 会拒绝）。若采『程序化可达也算』的口径，这是一处分母缺口。"
world,Godot/three_d/scripts/world.gd,service_action,908,run_game.service_action 成功 → trace/refresh_economy/refresh_table/服务面板刷新/bar_display/refresh_route_labels,Godot/three_d/scripts/world.gd:924-931,accepted,yes,world.services_intel,Godot/three_d/tests/world_coverage_test.gd::services_intel,output/3d/world-coverage.json,strong,catalogued_strong,intel: :343-345 断言 known_rules、action_points-1、revision+1、cash 不变、service_view revision 同步。sell: :363-369 断言物品移除、cash+value、action_points-1、revision+1、面板仍可见、卖出行从视图消失。★:360 直接写 run_game.action_points、:361 append inventory（夹具造态）。
world,Godot/three_d/scripts/world.gd,service_action,908,run_game.service_action 成功 → trace/refresh_economy/refresh_table/服务面板刷新/bar_display/refresh_route_labels,Godot/three_d/scripts/world.gd:924-931,accepted,yes,world.services_sell,Godot/three_d/tests/world_coverage_test.gd::services_intel,output/3d/world-coverage.json,strong,catalogued_strong,intel: :343-345 断言 known_rules、action_points-1、revision+1、cash 不变、service_view revision 同步。sell: :363-369 断言物品移除、cash+value、action_points-1、revision+1、面板仍可见、卖出行从视图消失。★:360 直接写 run_game.action_points、:361 append inventory（夹具造态）。
world,Godot/three_d/scripts/world.gd,service_action,908,kind=='buy' → close_services + 转向酒保 + bar_display.deliver + hint + 2s 反馈回调恢复 hint,Godot/three_d/scripts/world.gd:932-944,accepted,yes,world.services_buy,Godot/three_d/tests/world_coverage_test.gd::services_buy,output/3d/world-coverage.json,strong,catalogued_strong,测试 :352-356 断言面板关闭、控制恢复、inventory 含物品、cash 减 buy、action_points-1、revision+1、hint 含物品名；spatial_interaction_test.gd:87-88 与 services_save_test.gd:84-86 亦覆盖。Tween 回调(:942-944)属调度可达的 UI 刷新。
world,Godot/three_d/scripts/world.gd,service_action,908,动作成功后 check_pressure() → 可能强制撤离,Godot/three_d/scripts/world.gd:945-945,rejected,no,-,Godot/three_d/tests/routes_items_test.gd::Forced loss explains why no exit was available,-,weak,unreachable_or_not_transition,★独立判定为不可达：enforce_pressure 要求 table==null 且 heat>=6（run.gd:513）；能抬 heat 的服务动作（lens/sleeve）要求牌桌进行中（run.gd:265-267），此时 table!=null → 不触发；其余服务动作不改 heat。牌桌结算后 heat>=6 的态会在 leave_seat→check_pressure 立即被消耗（见 leave_seat 行）。routes_items_test.gd:166 是直接调 world.check_pressure()，不是经本行。
world,Godot/three_d/scripts/world.gd,checkpoint_state,947,打包 run/room/player/look/seated/return/caseOpen/props 八字段,Godot/three_d/scripts/world.gd:947-948,accepted,yes,persistence_capture.world_snapshot_isolated,Godot/three_d/tests/persistence_capture_coverage_test.gd::World snapshot captures every persisted World field,output/3d/persistence-capture-coverage.json,strong,catalogued_strong,测试 :66-88 断言八字段齐全、逐字段等于重算值、改动嵌套不污染实况、且晚改动不回写旧快照。★本函数是几乎所有 world 断言的『权威快照』来源（纯读，无自身状态改变）。
world,Godot/three_d/scripts/world.gd,checkpoint_state,947,打包 run/room/player/look/seated/return/caseOpen/props 八字段,Godot/three_d/scripts/world.gd:947-948,accepted,yes,persistence_capture.world_fields_complete,Godot/three_d/tests/persistence_capture_coverage_test.gd::World snapshot captures every persisted World field,output/3d/persistence-capture-coverage.json,strong,catalogued_strong,测试 :66-88 断言八字段齐全、逐字段等于重算值、改动嵌套不污染实况、且晚改动不回写旧快照。★本函数是几乎所有 world 断言的『权威快照』来源（纯读，无自身状态改变）。
world,Godot/three_d/scripts/world.gd,save_checkpoint,950,playtest_seed>0 → return false（不写盘）,Godot/three_d/scripts/world.gd:951-951,rejected,yes,persistence_restore.playtest_save_blocked,Godot/three_d/tests/playtest_seed_test.gd::Even direct save writes no file,-,weak,catalogued_weak,playtest_seed_test.gd:25 断言返回 false 且文件不存在（返回值+文件存在性，无内存状态断言）；world_restore_atomic_test.gd:169-176 同族断言。
world,Godot/three_d/scripts/world.gd,save_checkpoint,950,字节与 last_saved 相同且磁盘内容等于内存 → return true（不重写）,Godot/three_d/scripts/world.gd:954-957,accepted,yes,persistence_restore.save_repaired_from_memory,Godot/three_d/tests/world_restore_atomic_test.gd::save_repaired_from_memory,output/3d/persistence-restore-coverage.json,strong,catalogued_strong,world_restore_atomic_test.gd:147-161 断言：删档后重建得到相同 state；写入损坏内容后能从内存修复（读回 state==内存 state）。services_save_test.gd:111-121 亦覆盖。
world,Godot/three_d/scripts/world.gd,save_checkpoint,950,写入失败 → save_notice 报错并 return false,Godot/three_d/scripts/world.gd:958-961,rejected,no,-,-,-,none,unreachable_or_not_transition,★防御：仅磁盘错误可达（SaveStore.write_checkpoint != OK）。测试未覆盖。
world,Godot/three_d/scripts/world.gd,save_checkpoint,950,写入成功 → last_saved=bytes、notice『已自动保存』,Godot/three_d/scripts/world.gd:962-964,accepted,yes,persistence_restore.save_repaired_from_memory,Godot/three_d/tests/world_restore_atomic_test.gd::save_repaired_from_memory,output/3d/persistence-restore-coverage.json,strong,catalogued_strong,断言读回 state 等于内存 state（save_notice 文本本身未断言，但 corrupt 用例断言了『已保留原文件』这一反向文案）。
world,Godot/three_d/scripts/world.gd,load_checkpoint（测试侧负控；无独立源码分支）,966,无源码分支：测试把已恢复的 table.rng.value 人为 +12345 后断言后续 public_state/rng 发散（world_rng_replay_test.gd:98-107）,Godot/three_d/scripts/world.gd:966-981;Godot/three_d/scripts/world.gd:990-1045,not_a_transition,no,persistence_replay.rng_negative_control,Godot/three_d/tests/world_rng_replay_test.gd::rng_negative_control,output/3d/persistence-replay-coverage.json,weak,unreachable_or_not_transition,目录声明 outcome=rejected 与源码不符：world.gd 无任何产生该结果的独立分支；该 ID 只是测试侧负控（证明 world_rng_resume 的等值非恒等）。断言仅 '发散发生了' 这一布尔量，不含任何权威后继值 → 证据 weak
world,Godot/three_d/scripts/world.gd,load_checkpoint（→restore_checkpoint→RunCheckpoint.restore→TableCheckpoint.restore 恢复 rngValue）,966,接受：读档成功后 run/table 全量恢复（含 table.rng.value 与 public_state）并在随后 160 步与参考世界逐步同构,Godot/three_d/scripts/world.gd:966-981;Godot/three_d/scripts/world.gd:1006;Godot/three_d/rules/table_checkpoint.gd:52-53,accepted,yes,persistence_replay.world_rng_resume,Godot/three_d/tests/world_rng_replay_test.gd::world_rng_resume,output/3d/persistence-replay-coverage.json,strong,catalogued_strong,声明 entry=load_checkpoint 正确（公开入口，world.gd:105 开机自动调用）；但决定 RNG 语义的实际调用在 restore_checkpoint（world.gd:1006）—— 目录未写明这层
world,Godot/three_d/scripts/world.gd,load_checkpoint,966,playtest_seed>0 → return（不改 saving_enabled）,Godot/three_d/scripts/world.gd:967-967,rejected,yes,persistence_restore.playtest_save_blocked,Godot/three_d/tests/playtest_seed_test.gd::Playtest does not load or enable persistence,-,weak,catalogued_weak,playtest_seed_test.gd:23-24 断言 saving_enabled 为假且 checkpoint 快照不变（快照断言较强，但该 ID 的强证据在 save 侧）。
world,Godot/three_d/scripts/world.gd,load_checkpoint,966,status=='missing' → saving_enabled=true 并返回,Godot/three_d/scripts/world.gd:969-971,accepted,yes,persistence_restore.missing_checkpoint_recovered,Godot/three_d/tests/world_restore_atomic_test.gd::missing_checkpoint_recovered,output/3d/persistence-restore-coverage.json,strong,catalogued_strong,测试 :162-168 断言 saving_enabled 为真、文件未生成、随后 save 写出的 state 等于当前 checkpoint。
world,Godot/three_d/scripts/world.gd,load_checkpoint,966,status!='ok' 或 restore 失败 → 分版本/损坏文案 + saving_enabled=false（不覆盖原文件）,Godot/three_d/scripts/world.gd:972-978,rejected,yes,persistence_restore.corrupt_load_preserved,Godot/three_d/tests/world_restore_atomic_test.gd::corrupt_load_preserved,output/3d/persistence-restore-coverage.json,strong,catalogued_strong,测试 :177-188（损坏）与 :189-201（版本过高）断言 checkpoint 不变、未暂停、saving_enabled=false、原文件字节不变、notice 含对应文案。
world,Godot/three_d/scripts/world.gd,load_checkpoint,966,status!='ok' 或 restore 失败 → 分版本/损坏文案 + saving_enabled=false（不覆盖原文件）,Godot/three_d/scripts/world.gd:972-978,rejected,yes,persistence_restore.unsupported_version_preserved,Godot/three_d/tests/world_restore_atomic_test.gd::corrupt_load_preserved,output/3d/persistence-restore-coverage.json,strong,catalogued_strong,测试 :177-188（损坏）与 :189-201（版本过高）断言 checkpoint 不变、未暂停、saving_enabled=false、原文件字节不变、notice 含对应文案。
world,Godot/three_d/scripts/world.gd,load_checkpoint,966,成功 → saving_enabled=true、pause_game()、notice『已恢复进度，点击继续』,Godot/three_d/scripts/world.gd:979-981,accepted,yes,persistence_restore.valid,Godot/three_d/tests/services_save_test.gd::Startup loader restores and pauses for user,-,strong,catalogued_strong,services_save_test.gd:127-128 断言 paused 且 saving_enabled；world_restore_atomic_test.gd:104-105 断言 paused 与快照一致、且随后 resume 后 controls_enabled 恢复。
world,Godot/three_d/scripts/world.gd,load_checkpoint,966,成功 → saving_enabled=true、pause_game()、notice『已恢复进度，点击继续』,Godot/three_d/scripts/world.gd:979-981,accepted,yes,world.pause,Godot/three_d/tests/services_save_test.gd::Startup loader restores and pauses for user,-,strong,catalogued_strong,services_save_test.gd:127-128 断言 paused 且 saving_enabled；world_restore_atomic_test.gd:104-105 断言 paused 与快照一致、且随后 resume 后 controls_enabled 恢复。
world,Godot/three_d/scripts/world.gd,checkpoint_position_valid,983,房间包围盒（stash 与其它房两套包围盒）判定坐标是否在界内,Godot/three_d/scripts/world.gd:983-988,rejected,yes,persistence_restore.outside_room,Godot/three_d/tests/world_restore_atomic_test.gd::Invalid world snapshot rejected player_remote,output/3d/persistence-restore-coverage.json,strong,catalogued_strong,测试 :26-53 以 player_remote / wrong_room / return_remote 断言拒绝且世界完全不变；:87-90 断言三个合法点（走廊/上层厨房/下层码头）可加载。注释明确『仅拒绝远坐标，不是无碰撞生成测试』。
world,Godot/three_d/scripts/world.gd,restore_checkpoint,990,字段类型/存在性校验（room/player/look/return/seated/run/caseOpen）,Godot/three_d/scripts/world.gd:991-992,rejected,yes,persistence_restore.invalid_transform,Godot/three_d/tests/world_restore_atomic_test.gd::Invalid world snapshot rejected props_type,output/3d/persistence-restore-coverage.json,strong,catalogued_strong,测试 :26-53 覆盖 12 种坏快照（props_type/prop_value/player_nan/look_inf/look_remote/return_nan/basis_nan/player_remote/wrong_room/return_remote/active_in_stash/locked_room），断言拒绝且 checkpoint_state()==baseline。
world,Godot/three_d/scripts/world.gd,restore_checkpoint,990,非有限值（NaN/INF）→ false,Godot/three_d/scripts/world.gd:993-994,rejected,yes,persistence_restore.invalid_transform,Godot/three_d/tests/world_restore_atomic_test.gd::Invalid world snapshot rejected player_nan,output/3d/persistence-restore-coverage.json,strong,catalogued_strong,player_nan / look_inf / return_nan / basis_nan 四例。
world,Godot/three_d/scripts/world.gd,restore_checkpoint,990,|look.x| > LOOK_PITCH_LIMIT(1.25) → false,Godot/three_d/scripts/world.gd:995-996,rejected,yes,persistence_restore.invalid_transform,Godot/three_d/tests/world_restore_atomic_test.gd::Invalid world snapshot rejected look_remote,output/3d/persistence-restore-coverage.json,strong,catalogued_strong,另有 :56-59 断言边界值 ±LIMIT 可接受且相机 pitch 恢复。
world,Godot/three_d/scripts/world.gd,restore_checkpoint,990,玩家坐标不在房间包围盒 → false,Godot/three_d/scripts/world.gd:997-998,rejected,yes,persistence_restore.outside_room,Godot/three_d/tests/world_restore_atomic_test.gd::Invalid world snapshot rejected player_remote,output/3d/persistence-restore-coverage.json,strong,catalogued_strong,
world,Godot/three_d/scripts/world.gd,restore_checkpoint,990,seated 但 return 坐标越界 → false,Godot/three_d/scripts/world.gd:999-1000,rejected,yes,persistence_restore.outside_room,Godot/three_d/tests/world_restore_atomic_test.gd::Invalid world snapshot rejected return_remote,output/3d/persistence-restore-coverage.json,strong,catalogued_strong,
world,Godot/three_d/scripts/world.gd,restore_checkpoint,990,props 不是 Dictionary 或其中值非 bool → false,Godot/three_d/scripts/world.gd:1001-1005,rejected,yes,persistence_restore.invalid_props,Godot/three_d/tests/world_restore_atomic_test.gd::Invalid world snapshot rejected props_type,output/3d/persistence-restore-coverage.json,strong,catalogued_strong,props_type 与 prop_value 两例。
world,Godot/three_d/scripts/world.gd,restore_checkpoint（props 键缺失时按空字典容错恢复）,990,接受：state.get('props'/{}) 缺省为空字典 → 逐个 prop 恢复为 closed；随后与 checkpoint_state 基线一致且可继续 service_action,Godot/three_d/scripts/world.gd:1001-1005;Godot/three_d/scripts/world.gd:1016,accepted,yes,persistence_restore.legacy_props,Godot/three_d/tests/world_restore_atomic_test.gd::legacy_props,output/3d/persistence-restore-coverage.json,strong,catalogued_strong,目录 source/entry 正确。用例同时覆盖磁盘 round-trip（Store.write/read_checkpoint + load_checkpoint）与恢复后继续行动（revision+1 且 known_rules 追加 cargo-table）
world,Godot/three_d/scripts/world.gd,restore_checkpoint,990,RunCheckpoint.restore 返回 null → false,Godot/three_d/scripts/world.gd:1006-1008,rejected,yes,persistence_restore.locked_room,Godot/three_d/tests/world_restore_atomic_test.gd::Invalid world snapshot rejected locked_room,output/3d/persistence-restore-coverage.json,strong,catalogued_strong,对应 run 快照非法（场景未知/版本未知）的情形；room_pool_test.gd:107-109 亦断言『未知房间图』被拒。
world,Godot/three_d/scripts/world.gd,restore_checkpoint,990,RunCheckpoint.restore 返回 null → false,Godot/three_d/scripts/world.gd:1006-1008,rejected,yes,persistence_restore.table_id_mismatch,Godot/three_d/tests/world_restore_atomic_test.gd::Invalid world snapshot rejected locked_room,output/3d/persistence-restore-coverage.json,strong,catalogued_strong,对应 run 快照非法（场景未知/版本未知）的情形；room_pool_test.gd:107-109 亦断言『未知房间图』被拒。
world,Godot/three_d/scripts/world.gd,restore_checkpoint,990,(room=='stash')==active 或（table!=null 且 not seated）→ false,Godot/three_d/scripts/world.gd:1009-1010,rejected,yes,persistence_restore.active_in_stash,Godot/three_d/tests/world_restore_atomic_test.gd::active_table_not_seated,output/3d/persistence-restore-coverage.json,strong,catalogued_strong,同一 if 的两个合取项对应两个 ID；测试 :42-44（active_in_stash）与 :61-72（active_table_not_seated）。
world,Godot/three_d/scripts/world.gd,restore_checkpoint,990,(room=='stash')==active 或（table!=null 且 not seated）→ false,Godot/three_d/scripts/world.gd:1009-1010,rejected,yes,persistence_restore.active_table_not_seated,Godot/three_d/tests/world_restore_atomic_test.gd::active_table_not_seated,output/3d/persistence-restore-coverage.json,strong,catalogued_strong,同一 if 的两个合取项对应两个 ID；测试 :42-44（active_in_stash）与 :61-72（active_table_not_seated）。
world,Godot/three_d/scripts/world.gd,restore_checkpoint,990,非 stash 房间但前置桌未完成（room_blocked_reason 非空）→ false,Godot/three_d/scripts/world.gd:1011-1012,rejected,yes,persistence_restore.locked_room,Godot/three_d/tests/world_restore_atomic_test.gd::Invalid world snapshot rejected locked_room,output/3d/persistence-restore-coverage.json,strong,catalogued_strong,另有 room_pool_test.gd:87-89 以『清空 completed 后还原到 mirror』断言拒绝。
world,Godot/three_d/scripts/world.gd,restore_checkpoint,990,存档桌 id 与房间期望桌不符 → false,Godot/three_d/scripts/world.gd:1013-1014,rejected,yes,persistence_restore.table_id_mismatch,Godot/three_d/tests/world_restore_atomic_test.gd::table_id_mismatch,output/3d/persistence-restore-coverage.json,strong,catalogued_strong,测试 :76-85 构造 cargo-table 存档放到 ledger 房，断言拒绝且世界回到 baseline。
world,Godot/three_d/scripts/world.gd,restore_checkpoint,990,接受：替换 run_game、props.restore、case 状态/朝向/title、travel(room)、恢复玩家位姿/座位/相机/面板/鼠标,Godot/three_d/scripts/world.gd:1015-1045,accepted,yes,persistence_restore.valid,Godot/three_d/tests/world_restore_atomic_test.gd::replace_live_table,output/3d/persistence-restore-coverage.json,strong,catalogued_strong,valid(:86)、seated(:202-205)、replace_live_table(:206-209 断言清空实时桌、相机切回、控制恢复、cards_root 空、快照==baseline)、paused_seated(:210-211)。★测试直接写 baseline.seated/return（夹具造态）到达 seated 前置。
world,Godot/three_d/scripts/world.gd,restore_checkpoint,990,接受：替换 run_game、props.restore、case 状态/朝向/title、travel(room)、恢复玩家位姿/座位/相机/面板/鼠标,Godot/three_d/scripts/world.gd:1015-1045,accepted,yes,persistence_restore.seated,Godot/three_d/tests/world_restore_atomic_test.gd::replace_live_table,output/3d/persistence-restore-coverage.json,strong,catalogued_strong,valid(:86)、seated(:202-205)、replace_live_table(:206-209 断言清空实时桌、相机切回、控制恢复、cards_root 空、快照==baseline)、paused_seated(:210-211)。★测试直接写 baseline.seated/return（夹具造态）到达 seated 前置。
world,Godot/three_d/scripts/world.gd,restore_checkpoint,990,接受：替换 run_game、props.restore、case 状态/朝向/title、travel(room)、恢复玩家位姿/座位/相机/面板/鼠标,Godot/three_d/scripts/world.gd:1015-1045,accepted,yes,persistence_restore.replace_live_table,Godot/three_d/tests/world_restore_atomic_test.gd::replace_live_table,output/3d/persistence-restore-coverage.json,strong,catalogued_strong,valid(:86)、seated(:202-205)、replace_live_table(:206-209 断言清空实时桌、相机切回、控制恢复、cards_root 空、快照==baseline)、paused_seated(:210-211)。★测试直接写 baseline.seated/return（夹具造态）到达 seated 前置。
world,Godot/three_d/scripts/world.gd,restore_checkpoint,990,接受：替换 run_game、props.restore、case 状态/朝向/title、travel(room)、恢复玩家位姿/座位/相机/面板/鼠标,Godot/three_d/scripts/world.gd:1015-1045,accepted,yes,persistence_restore.paused_seated,Godot/three_d/tests/world_restore_atomic_test.gd::replace_live_table,output/3d/persistence-restore-coverage.json,strong,catalogued_strong,valid(:86)、seated(:202-205)、replace_live_table(:206-209 断言清空实时桌、相机切回、控制恢复、cards_root 空、快照==baseline)、paused_seated(:210-211)。★测试直接写 baseline.seated/return（夹具造态）到达 seated 前置。
world,Godot/three_d/scripts/world.gd,restore_checkpoint,990,接受：替换 run_game、props.restore、case 状态/朝向/title、travel(room)、恢复玩家位姿/座位/相机/面板/鼠标,Godot/three_d/scripts/world.gd:1015-1045,accepted,yes,world.prop_restore,Godot/three_d/tests/world_restore_atomic_test.gd::replace_live_table,output/3d/persistence-restore-coverage.json,strong,catalogued_strong,valid(:86)、seated(:202-205)、replace_live_table(:206-209 断言清空实时桌、相机切回、控制恢复、cards_root 空、快照==baseline)、paused_seated(:210-211)。★测试直接写 baseline.seated/return（夹具造态）到达 seated 前置。
world,Godot/three_d/scripts/world.gd,restore_checkpoint,990,恢复后若 paused → 再次 pause_game(),Godot/three_d/scripts/world.gd:1043-1043,accepted,yes,persistence_restore.paused_seated,Godot/three_d/tests/world_restore_atomic_test.gd::paused_seated,output/3d/persistence-restore-coverage.json,strong,catalogued_strong,测试 :210-211 断言 paused 且 seat_panel 隐藏。
world,Godot/three_d/scripts/world.gd,check_pressure,1047,run_game.enforce_pressure() 为真 →（服务面板可见时先关闭）+ travel('stash'),Godot/three_d/scripts/world.gd:1047-1051,accepted,yes,-,Godot/three_d/tests/routes_items_test.gd::Forced loss explains why no exit was available,-,weak,reachable_unmapped,★公开入口且玩家可达（经 leave_seat:584 触发；service_action:945 侧独立判为不可达）。既有 world.leave_forced_pressure_exit 只绑定 leave_seat 前置；『服务面板关闭 + travel』组合无 world.* ID。routes_items_test.gd:162-167 直接调用本函数并断言房间/forced/金库文案（未走服务面板分支）。
world,Godot/three_d/scripts/world.gd,check_pressure,1047,enforce_pressure 为假 → 无副作用,Godot/three_d/scripts/world.gd:1048-1048,rejected,yes,-,-,-,none,unreachable_or_not_transition,守卫侧：heat<6 或 table!=null 或 run 未激活时静默。
world,Godot/three_d/scripts/world.gd,install_detail,1053,隐藏被替换角色的可见网格并挂 BlenderDetail,Godot/three_d/scripts/world.gd:1053-1062,accepted,yes,-,-,-,none,unreachable_or_not_transition,★展示替换（资产层）：hide() 的是 Floor/PokerTable/Felt/BarCounter 等『视觉角色』的 MeshInstance3D，但不移除碰撞体与交互锚点。因此『网格计数/尺寸断言通过 ≠ 画面通过』——smoke.gd:36 的 meshes.size()==8 只针对 Stash/ImportedDesk，与这些被隐藏的网格无关，不能当画面证据。
world,Godot/three_d/scripts/world.gd,make_detailed_prop,1064,从 interactive-props.glb 取节点并释放容器 kit,Godot/three_d/scripts/world.gd:1064-1069,accepted,yes,-,-,-,none,unreachable_or_not_transition,资产装配。
world,Godot/three_d/scripts/world.gd,install_prop,1071,隐藏原占位子节点并挂入细节道具,Godot/three_d/scripts/world.gd:1071-1075,accepted,yes,-,-,-,none,unreachable_or_not_transition,★展示替换：道具实体网格换成 GLB 版本；道具状态（states/property）仍由 scene_props.register 记录，故 prop_* 断言的主体是 Node3D 属性值而非可见网格。
world,Godot/three_d/scripts/world.gd,visible_route_name,1077,已发现路线 → run_game.route_name；未发现 → 结构性别名（不泄露真名）,Godot/three_d/scripts/world.gd:1077-1080,accepted,yes,-,Godot/three_d/tests/scene_rules_test.gd::Unknown physical routes use structural clues,output/3d/scene-rules.json,strong,unreachable_or_not_transition,★纯格式化（未发现路线不泄露结算）。被 scene_rules_test.gd:101/103 以标题/正文文本断言。
world,Godot/three_d/scripts/world.gd,available_route_text,1082,列出其它已发现且可用的路线文案；无则『当前没有其他已知可用路线』,Godot/three_d/scripts/world.gd:1082-1090,accepted,yes,-,Godot/three_d/tests/extraction_fallback_ui_test.gd::longest fallback list shows known routes,-,strong,unreachable_or_not_transition,★纯格式化；extraction_fallback_ui_test.gd:71 以 body 文本断言其分支（文本断言，不是尺寸断言）。
world,Godot/three_d/scripts/world.gd,refresh_route_labels,1092,MirrorPassage.visible=fork；fork 时子 Area3D collision_layer=2 否则 0,Godot/three_d/scripts/world.gd:1093-1097,accepted,yes,-,Godot/three_d/tests/room_pool_test.gd::Fork adds physical mirror passage,-,strong,unreachable_or_not_transition,★UI/拓扑刷新，但含非展示副作用：可见性与 collision_layer（决定能否通行）。room_pool_test.gd:73 与 :100 断言 fork/linear 两态；world_coverage_test.gd:296-297 经 request_action 断言房间图。
world,Godot/three_d/scripts/world.gd,refresh_route_labels,1092,LedgerCellar 的 room:* 锚点 action_id 在 room:mirror 与 room:embers 间改写,Godot/three_d/scripts/world.gd:1100-1101,accepted,yes,world.room_graph_entry,Godot/three_d/tests/room_pool_test.gd::Linear layout restores ledger-to-mirror link,-,strong,catalogued_strong,★非展示副作用：改写锚点 action_id（决定目标房间）。room_pool_test.gd:101 断言 linear 时恢复 room:mirror；world_coverage_test.gd:283-295 断言 room:embers 可用。
world,Godot/three_d/scripts/world.gd,refresh_route_labels,1092,为每个门锚点写 title / RoomSign（桌名、买入、开放或封锁原因）,Godot/three_d/scripts/world.gd:1102-1114,accepted,yes,-,Godot/three_d/tests/room_pool_test.gd::Door shows price and unlocked status,-,strong,unreachable_or_not_transition,展示/标牌刷新（文本内嵌权威数值）。
world,Godot/three_d/scripts/world.gd,refresh_route_labels,1092,Tavern 各 route:* 锚点与 Label3D（directions/emergency）文本刷新,Godot/three_d/scripts/world.gd:1115-1127,accepted,yes,-,Godot/three_d/tests/scene_rules_test.gd::Unknown physical routes use structural clues,output/3d/scene-rules.json,strong,unreachable_or_not_transition,展示/标牌刷新。
world,Godot/three_d/scripts/world.gd,refresh_route_labels,1092,各房 search:* 与 back_tavern 锚点 title 刷新；末尾 show_focus(player.focused),Godot/three_d/scripts/world.gd:1129-1136,accepted,yes,-,-,-,none,unreachable_or_not_transition,展示刷新；末尾 show_focus 在道具动画/服务动作后被用于重置 hint。
